ERC_ID,Code,Title_clean,Subdivision_clean,Definition_clean,Including,Excluding,Parent,Children,concept_text
A1,A-1,Transport accident,,Adverse event in transport resulting in property damage and/or bodily injury,,,A,"['A-1.1', 'A-1.2', 'A-1.3']",Transport accident Adverse event in transport resulting in property damage and/or bodily injury
A11,A-1.1,Transport accident,Collision,Transport accident involving a collision of vehicles and/or humans,"Vehicle-vehicle collision, vehicle-human collision, vehicle-obstacle collision",Entrapment,A-1,[],Transport accident Collision Transport accident involving a collision of vehicles and/or humans
A12,A-1.2,Transport accident,Fall,Transport accident involving a crash of vehicles and/or humans into the deep,,Collision,A-1,[],Transport accident Fall Transport accident involving a crash of vehicles and/or humans into the deep
A13,A-1.3,Transport accident,Entrapment,Transport accident involving an entrapment of humans,,,A-1,[],Transport accident Entrapment Transport accident involving an entrapment of humans
A2,A-2,Fall,,"An adverse event involving a loss of stability or a descent to a lower position, resulting in a human fall.",,,A,"['A-2.1', 'A-2.2', 'A-2.3']","Fall An adverse event involving a loss of stability or a descent to a lower position, resulting in a human fall."
A21,A-2.1,Fall,Fall on the same level or from less than 1 meter*,"Falling downward due to gravity, but without a significant change in height or elevation.","Stumbling, slipping, falling from standing position, tripping",Falls in/from modes of transport,A-2,[],"Fall Fall on the same level or from less than 1 meter* Falling downward due to gravity, but without a significant change in height or elevation."
A22,A-2.2,Fall,Fall from a height of 1 meter or more,"Falling downward due to gravity, with a significant change in height or elevation.","Stair, ladder, building",Falls in/from modes of transport,A-2,[],"Fall Fall from a height of 1 meter or more Falling downward due to gravity, with a significant change in height or elevation."
A23,A-2.3,Fall,Fall from unspecified height,"Falling downward due to gravity, where the height is unspecified.",,,A-2,[],"Fall Fall from unspecified height Falling downward due to gravity, where the height is unspecified."
A3,A-3,Natural disaster,,Adverse event with one or more direct natural causes,,,A,"['A-3.1', 'A-3.2', 'A-3.3', 'A-3.4', 'A-3.5', 'A-3.6', 'A-3.7', 'A-3.8', 'A-3.9', 'A-3.10']",Natural disaster Adverse event with one or more direct natural causes
A31,A-3.1,Natural disaster,Storm,Natural disaster caused by strong wind,Tornado cyclone,,A-3,[],Natural disaster Storm Natural disaster caused by strong wind
A32,A-3.2,Natural disaster,Flood,Natural disaster caused by high-water levels on usually dry ground,,,A-3,[],Natural disaster Flood Natural disaster caused by high-water levels on usually dry ground
A33,A-3.3,Natural disaster,Lightning,Natural disaster caused by electrostatic discharge,,,A-3,[],Natural disaster Lightning Natural disaster caused by electrostatic discharge
A34,A-3.4,Natural disaster,Earthquake,Natural disaster caused by shaking of the Earth's surface,Earth movement,,A-3,[],Natural disaster Earthquake Natural disaster caused by shaking of the Earth's surface
A35,A-3.5,Natural disaster,Avalanche,Natural disaster caused by rapid flow of snow down a slope,"Flow of mud, flow of ice",,A-3,[],Natural disaster Avalanche Natural disaster caused by rapid flow of snow down a slope
A36,A-3.6,Natural disaster,Volcano eruption,Natural disaster caused by the exhibition of magma from earth's surface,"Exhibition of tephra, exhibition of gases",,A-3,[],Natural disaster Volcano eruption Natural disaster caused by the exhibition of magma from earth's surface
A37,A-3.7,Natural disaster,Tsunami,Natural disaster caused by the displacement of a large volume of water,,,A-3,[],Natural disaster Tsunami Natural disaster caused by the displacement of a large volume of water
A38,A-3.8,Natural disaster,Landslide,"Natural disaster caused by the movement of rock, earth, or debris down a slope",,,A-3,[],"Natural disaster Landslide Natural disaster caused by the movement of rock, earth, or debris down a slope"
A39,A-3.9,Natural disaster,Extreme heat/drought,Natural event caused by prolonged periods of high temperature or lack of water,Wildfire,,A-3,[],Natural disaster Extreme heat/drought Natural event caused by prolonged periods of high temperature or lack of water
A310,A-3.10,Natural disaster,Extreme cold,Natural event caused by prolonged periods of low temperature or lack of heat,Cold wave,,A-3,[],Natural disaster Extreme cold Natural event caused by prolonged periods of low temperature or lack of heat
A4,A-4,Technical disaster,,Adverse event with one or more direct human causes,,,A,"['A-4.1', 'A-4.2', 'A-4.3', 'A-4.4', 'A-4.5', 'A-4.6', 'A-4.7', 'A-4.8']",Technical disaster Adverse event with one or more direct human causes
A41,A-4.1,Technical disaster,Building collapse,Manmade disaster caused by structural failure in building,"Building, bridge, tunnel",,A-4,[],Technical disaster Building collapse Manmade disaster caused by structural failure in building
A42,A-4.2,Technical disaster,Gas leak,Manmade disaster caused by gas leakage,,,A-4,[],Technical disaster Gas leak Manmade disaster caused by gas leakage
A43,A-4.3,Technical disaster,Water leak,Manmade disaster caused by water leakage,,,A-4,[],Technical disaster Water leak Manmade disaster caused by water leakage
A44,A-4.4,Technical disaster,Electrical shock,Manmade disaster caused by electric current passing through the human body,,,A-4,[],Technical disaster Electrical shock Manmade disaster caused by electric current passing through the human body
A45,A-4.5,Technical disaster,Explosion,"Manmade disaster caused by the release of large amounts of energy in the form of temperature, pressure or kinetic energy",Chemical spill,,A-4,[],"Technical disaster Explosion Manmade disaster caused by the release of large amounts of energy in the form of temperature, pressure or kinetic energy"
A46,A-4.6,Technical disaster,Fire,"Manmade disaster caused by fire, usually accompanied by the emisssion of heat and light","Ember, Burnt smell",,A-4,[],"Technical disaster Fire Manmade disaster caused by fire, usually accompanied by the emisssion of heat and light"
A47,A-4.7,Technical disaster,Smoke,"Manmade disaster involving smoke, usually caused by combustion",,,A-4,[],"Technical disaster Smoke Manmade disaster involving smoke, usually caused by combustion"
A48,A-4.8,Technical disaster,Ice collapse,Manmade disaster involving collapsing of ice,"Collapse of ice on water, collapse of ice block",,A-4,[],Technical disaster Ice collapse Manmade disaster involving collapsing of ice
A5,A-5,External violence,,"Physical and eventually verbal violence against humans, endangering their health, safety and well-being",,,A,"['A-5.1', 'A-5.2', 'A-5.3', 'A-5.4', 'A-5.5', 'A-5.6', 'A-5.7', 'A-5.8']","External violence Physical and eventually verbal violence against humans, endangering their health, safety and well-being"
A51,A-5.1,External violence,Abuse,Improper and often violent treatment of a human,"Sexual abuse, rape, phyiscal abuse, neglect",,A-5,[],External violence Abuse Improper and often violent treatment of a human
A52,A-5.2,External violence,Raid,Violent taking away of other people's property,,,A-5,[],External violence Raid Violent taking away of other people's property
A53,A-5.3,External violence,Bomb threat,Threat with device filled with explosive material,"Bomb detonation, improvised explosive devices, chemical explosion",,A-5,[],External violence Bomb threat Threat with device filled with explosive material
A54,A-5.4,External violence,Rampage,Sudden mass assault against people with the intention of killing them,,,A-5,[],External violence Rampage Sudden mass assault against people with the intention of killing them
A55,A-5.5,External violence,Hostage-taking,Capture of one or multiple humans and holding them as prisoners while usually making demands,Abduction,,A-5,[],External violence Hostage-taking Capture of one or multiple humans and holding them as prisoners while usually making demands
A56,A-5.6,External violence,Civil unrest,A large group of people engaging in disorderly and violent behaviour,"Violent demonstrations, riots",,A-5,[],External violence Civil unrest A large group of people engaging in disorderly and violent behaviour
A57,A-5.7,External violence,Contamination,Violent acts by hazardous substances,"Drug, radioactive, biological",,A-5,[],External violence Contamination Violent acts by hazardous substances
A58,A-5.8,External violence,Arson,Deliberate setting of fire to property,,,A-5,[],External violence Arson Deliberate setting of fire to property
B11,B1-1,Pedestrian,,"Person travelling on foot, whether standing, walking, or running",,,B1,"['B1-1.1', 'B1-1.2']","Pedestrian Person travelling on foot, whether standing, walking, or running"
B111,B1-1.1,Pedestrian,Pedestrian using mobility aid,"Pedestrian using a device designed to assist standing, walking, or running","Crutch, rolator, walking sticks, prosthesis, exosceleton",,B1-1,[],"Pedestrian Pedestrian using mobility aid Pedestrian using a device designed to assist standing, walking, or running"
B112,B1-1.2,Pedestrian,Pedestrian without aid,Pedestrian not using mobility aids,,,B1-1,[],Pedestrian Pedestrian without aid Pedestrian not using mobility aids
B12,B1-2,Human-powered land transport,,Transport device that is powered by human muscles,,"Any kind of engine, pedestrian",B1,"['B1-2.1', 'B1-2.2']",Human-powered land transport Transport device that is powered by human muscles
B121,B1-2.1,Human-powered land transport,Cycle,"Transport device with one or more wheels, usually with seat(s) and/or steering aid","Monowheel, bicycle, tricycle, scooter, go-cart, cycle-rickshaw, kickboard, wheelchair",,B1-2,[],"Human-powered land transport Cycle Transport device with one or more wheels, usually with seat(s) and/or steering aid"
B122,B1-2.2,Human-powered land transport,Scate,Transport device that is attached under humans' feet,"Skateboard, ice skates, roller skates, inline skates, ski, snowboard, rollerblading suit, heelys, stilts, pedal balance board",,B1-2,[],Human-powered land transport Scate Transport device that is attached under humans' feet
B13,B1-3,Animal-powered land transport,,Human transport using an animal-drawn vehicle or riding an animal,,Animal-drawn farm machinery,B1,"['B1-3.1', 'B1-3.2']",Animal-powered land transport Human transport using an animal-drawn vehicle or riding an animal
B131,B1-3.1,Animal-powered land transport,Human riding,Human transport by riding an animal,,,B1-3,[],Animal-powered land transport Human riding Human transport by riding an animal
B132,B1-3.2,Animal-powered land transport,Carriage,Human transport in an animal-drawn vehicle,,,B1-3,[],Animal-powered land transport Carriage Human transport in an animal-drawn vehicle
B14,B1-4,Engined cycle,,Motorized vehicle without cabin,Motorized rickshaw,"Car, Tuc Tuc",B1,"['B1-4.1', 'B1-4.2', 'B1-4.3']",Engined cycle Motorized vehicle without cabin
B141,B1-4.1,Engined cycle,Motorcycle,"Two-, three-, or four-wheeled engined cycle transporting sitting persons without a sidecar","Motorized rickshaw, motorized scooter,  moped, trike, quad",,B1-4,[],"Engined cycle Motorcycle Two-, three-, or four-wheeled engined cycle transporting sitting persons without a sidecar"
B142,B1-4.2,Engined cycle,Engined cycle with sidecar,Engined cycle with a sidecar,,,B1-4,[],Engined cycle Engined cycle with sidecar Engined cycle with a sidecar
B143,B1-4.3,Engined cycle,E-vehicle,Electrically powered device to transport standing or sitting persons,"Pedelec, e-scooter, e-bike, segway, e-kickboard, monowheel",,B1-4,[],Engined cycle E-vehicle Electrically powered device to transport standing or sitting persons
B15,B1-5,Passenger vehicle,,Motor vehicle for the carriage of passengers in cabins on roads,,,B1,"['B1-5.1', 'B1-5.2', 'B1-5.3', 'B1-5.4', 'B1-5.5']",Passenger vehicle Motor vehicle for the carriage of passengers in cabins on roads
B151,B1-5.1,Passenger vehicle,Cabin scooter,Three-wheeler with closed cabin,"Tuc Tuc, mototaxi",,B1-5,[],Passenger vehicle Cabin scooter Three-wheeler with closed cabin
B152,B1-5.2,Passenger vehicle,Car,Passenger vehicle with a minimum of four wheels for seated passengers and with up to 5 seats (including the driver),,,B1-5,[],Passenger vehicle Car Passenger vehicle with a minimum of four wheels for seated passengers and with up to 5 seats (including the driver)
B153,B1-5.3,Passenger vehicle,Minibus,Passenger vehicle with a minimum of four wheels for seated passengers (6 to 21 seats including the driver),,,B1-5,[],Passenger vehicle Minibus Passenger vehicle with a minimum of four wheels for seated passengers (6 to 21 seats including the driver)
B154,B1-5.4,Passenger vehicle,City bus,Passenger vehicle with a minimum of four wheels for standing passengers (additional seats allowed),Passenger airport vehilce,,B1-5,[],Passenger vehicle City bus Passenger vehicle with a minimum of four wheels for standing passengers (additional seats allowed)
B155,B1-5.5,Passenger vehicle,Coach,Passenger vehicle with a minimum of four wheels for seated passengers with at least 22 seat and no standing area,,,B1-5,[],Passenger vehicle Coach Passenger vehicle with a minimum of four wheels for seated passengers with at least 22 seat and no standing area
B16,B1-6,Freight vehicle,,Motor vehicle for the carriage of goods,,,B1,"['B1-6.1', 'B1-6.2', 'B1-6.3']",Freight vehicle Motor vehicle for the carriage of goods
B161,B1-6.1,Freight vehicle,Light freight vehicle,"Freight vehicle with a maximum mass not exceeding 3,5 t",,,B1-6,[],"Freight vehicle Light freight vehicle Freight vehicle with a maximum mass not exceeding 3,5 t"
B162,B1-6.2,Freight vehicle,Medium freight vehicle,"Freight vehicle with a maximum mass exceeding 3,5 t but not exceeding 12 t",,,B1-6,[],"Freight vehicle Medium freight vehicle Freight vehicle with a maximum mass exceeding 3,5 t but not exceeding 12 t"
B163,B1-6.3,Freight vehicle,Heavy freight vehicle,Freight vehicle with a maximum mass exceeding 12 t,,,B1-6,[],Freight vehicle Heavy freight vehicle Freight vehicle with a maximum mass exceeding 12 t
B17,B1-7,Special vehicle,,Specially equipped vehicle for distinct purposes,,,B1,"['B1-7.1', 'B1-7.2', 'B1-7.3', 'B1-7.4', 'B1-7.5']",Special vehicle Specially equipped vehicle for distinct purposes
B171,B1-7.1,Special vehicle,Rescue vehicle,Special vehicle that has special traffic rights,"Ambulance, firetruck, police car",,B1-7,[],Special vehicle Rescue vehicle Special vehicle that has special traffic rights
B172,B1-7.2,Special vehicle,Agricultural vehicle,Special vehicle for agricultur,Animal-drawn farm machinery,,B1-7,[],Special vehicle Agricultural vehicle Special vehicle for agricultur
B173,B1-7.3,Special vehicle,Construction vehicle,Special vehicle for construction,,,B1-7,[],Special vehicle Construction vehicle Special vehicle for construction
B174,B1-7.4,Special vehicle,Military vehicle,Special vehicle for military,Tank,,B1-7,[],Special vehicle Military vehicle Special vehicle for military
B175,B1-7.5,Special vehicle,Special terrain vehicle,Special vehicle for one or multiple terrains,,,B1-7,[],Special vehicle Special terrain vehicle Special vehicle for one or multiple terrains
B18,B1-8,Railway,,Transport device with carry-on engine rolling on metal rails,,"Schwebebahn, Magnetbahn",B1,"['B1-8.1', 'B1-8.2', 'B1-8.3']",Railway Transport device with carry-on engine rolling on metal rails
B181,B1-8.1,Railway,Light rail,Railway for standing persons (seats optional),"Tram, commuter",,B1-8,[],Railway Light rail Railway for standing persons (seats optional)
B182,B1-8.2,Railway,Train,Railway for sitting persons without particular standing areas,High speed trains,,B1-8,[],Railway Train Railway for sitting persons without particular standing areas
B183,B1-8.3,Railway,Freight train,Railway for goods,,,B1-8,[],Railway Freight train Railway for goods
B19,B1-9,Cableway,,Transport device that runs with cables that are powered by external devices.,,"Elevator, paternoster elevator",B1,"['B1-9.1', 'B1-9.2', 'B1-9.3']",Cableway Transport device that runs with cables that are powered by external devices.
B191,B1-9.1,Cableway,Cable railway,Cableway that rolls on metal rails and is pulled by cables.,,,B1-9,[],Cableway Cable railway Cableway that rolls on metal rails and is pulled by cables.
B192,B1-9.2,Cableway,Cable car,Cableway with cabines that hang on cables.,,,B1-9,[],Cableway Cable car Cableway with cabines that hang on cables.
B193,B1-9.3,Cableway,Chair lift,"Cableway without cabins that hangs on cables, containing seats.",,,B1-9,[],"Cableway Chair lift Cableway without cabins that hangs on cables, containing seats."
B21,B2-1,Underground passenger vehicle,,underground rail-based vehicles used for passenger transportation,,,B2,"['B2-1.1', 'B2-1.2']",Underground passenger vehicle underground rail-based vehicles used for passenger transportation
B211,B2-1.1,Underground passenger vehicle,Underground Light rail,Underground light rail vehicle used for transportation,,,B2-1,[],Underground passenger vehicle Underground Light rail Underground light rail vehicle used for transportation
B212,B2-1.2,Underground passenger vehicle,Subway / Metro,Underground railway system used to transport large numbers of passengers within urban and suburban areas,,,B2-1,[],Underground passenger vehicle Subway / Metro Underground railway system used to transport large numbers of passengers within urban and suburban areas
B22,B2-2,Underground mining vehicle,,Specialized vehicles used in underground mining operations,,,B2,"['B2-2.1', 'B2-2.2']",Underground mining vehicle Specialized vehicles used in underground mining operations
B221,B2-2.1,Underground mining vehicle,Mine rail truck,"Underground rail truck specifically designed for transporting ore, materials, and equipment",,,B2-2,[],"Underground mining vehicle Mine rail truck Underground rail truck specifically designed for transporting ore, materials, and equipment"
B222,B2-2.2,Underground mining vehicle,Trackless mining vehicle,"Large, rugged trucks designed to transport ore and other materials within underground mines",,,B2-2,[],"Underground mining vehicle Trackless mining vehicle Large, rugged trucks designed to transport ore and other materials within underground mines"
B31,B3-1,Gliding air transport,,Motorless aircraft which passively generates lift through air currents in order to counteract the vertical fall.,,,B3,"['B3-1.1', 'B3-1.2', 'B3-1.3']",Gliding air transport Motorless aircraft which passively generates lift through air currents in order to counteract the vertical fall.
B311,B3-1.1,Gliding air transport,Parachute,Gliding device used to reduce the fall speed of the attached person. Takeoff usually occurs from another aircraft.,,,B3-1,[],Gliding air transport Parachute Gliding device used to reduce the fall speed of the attached person. Takeoff usually occurs from another aircraft.
B312,B3-1.2,Gliding air transport,Wingglider,Gliding device to which people are attached to. Takeoff is usually by human power from an elevated level.,"Hangglider, wingsuit",,B3-1,[],Gliding air transport Wingglider Gliding device to which people are attached to. Takeoff is usually by human power from an elevated level.
B313,B3-1.3,Gliding air transport,Glider,Gliding device that climbs with the help of air currents. Takeoff is done by other technical devices that accelerate it.,,,B3-1,[],Gliding air transport Glider Gliding device that climbs with the help of air currents. Takeoff is done by other technical devices that accelerate it.
B32,B3-2,Floating air transport,,Aircraft using gas with lower density than the atmospheric air to generate static lift. The lifting gas is enclosed by an envelope which is connected to the payload.,,,B3,"['B3-2.1', 'B3-2.2', 'B3-2.3', 'B3-2.4']",Floating air transport Aircraft using gas with lower density than the atmospheric air to generate static lift. The lifting gas is enclosed by an envelope which is connected to the payload.
B321,B3-2.1,Floating air transport,Hot gas balloon,Lifting gas is atmospheric hot air or steam,Hot-air balloon,,B3-2,[],Floating air transport Hot gas balloon Lifting gas is atmospheric hot air or steam
B322,B3-2.2,Floating air transport,Hydrogen balloon,Lifting gas is hydrogen,,,B3-2,[],Floating air transport Hydrogen balloon Lifting gas is hydrogen
B323,B3-2.3,Floating air transport,Helium balloon,Lifting gas is helium,,,B3-2,[],Floating air transport Helium balloon Lifting gas is helium
B324,B3-2.4,Floating air transport,Mixed-gas balloon,Lifting gas is a mixture of helium and hydrogen,,,B3-2,[],Floating air transport Mixed-gas balloon Lifting gas is a mixture of helium and hydrogen
B33,B3-3,General aviation,,Civil aviation except commercial airliners. Motorized fixed-wing aircraft.,,General aviation > 45000kg (e.g. Bizliner),B3,"['B3-3.1', 'B3-3.2', 'B3-3.3']",General aviation Civil aviation except commercial airliners. Motorized fixed-wing aircraft.
B331,B3-3.1,General aviation,Light airplane,"Aircraft being operated by a crew of 1-2, transporting up to 6 passengers and weighing up to 5700kg.",,,B3-3,[],"General aviation Light airplane Aircraft being operated by a crew of 1-2, transporting up to 6 passengers and weighing up to 5700kg."
B332,B3-3.2,General aviation,Medium airplane,"Aircraft being operated by a crew of 2, transporting up to 9 passengers and weighing up to 12000kg.",,,B3-3,[],"General aviation Medium airplane Aircraft being operated by a crew of 2, transporting up to 9 passengers and weighing up to 12000kg."
B333,B3-3.3,General aviation,Large airplane,"Aircraft being operated by a crew of 2 or more, transporting up to 18 passengers and weighing up to 45000kg.",,,B3-3,[],"General aviation Large airplane Aircraft being operated by a crew of 2 or more, transporting up to 18 passengers and weighing up to 45000kg."
B34,B3-4,Airliner,,Commercial civil air transport.,General aviation with an aircraft weight of more than 45000kg,,B3,"['B3-4.1', 'B3-4.2', 'B3-4.3', 'B3-4.4']",Airliner Commercial civil air transport.
B341,B3-4.1,Airliner,Commuter aircraft,Light airplane with passenger capacity of up to 19 passengers.,Air taxi,,B3-4,[],Airliner Commuter aircraft Light airplane with passenger capacity of up to 19 passengers.
B342,B3-4.2,Airliner,Regional aircraft,Aircraft with passenger capacitiy of less than 100 passengers.,"Feederliner, Commuter",,B3-4,[],Airliner Regional aircraft Aircraft with passenger capacitiy of less than 100 passengers.
B343,B3-4.3,Airliner,Narrow-body aircraft,Aircraft with one aisle with passenger capacities of 100-240.,,,B3-4,[],Airliner Narrow-body aircraft Aircraft with one aisle with passenger capacities of 100-240.
B344,B3-4.4,Airliner,Wide-body aircraft,Aircraft with two aisles with passenger capacities of 200-850 passengers.,,,B3-4,[],Airliner Wide-body aircraft Aircraft with two aisles with passenger capacities of 200-850 passengers.
B35,B3-5,Rotorcraft,,Aircraft that generates lift and/or propulsion by rotating wings.,,Rotorkite/Gyrokite,B3,"['B3-5.1', 'B3-5.2', 'B3-5.3']",Rotorcraft Aircraft that generates lift and/or propulsion by rotating wings.
B351,B3-5.1,Rotorcraft,Autogyro,"Main rotor not driven by an engine, but passively by airflow, generating lift. Propulsion is generated by a traction or thrust motor. Vertical take-off and landing as well as hovering are not possible.",,,B3-5,[],"Rotorcraft Autogyro Main rotor not driven by an engine, but passively by airflow, generating lift. Propulsion is generated by a traction or thrust motor. Vertical take-off and landing as well as hovering are not possible."
B352,B3-5.2,Rotorcraft,Gyrodyne,Rotor is driven by a motor. Vertical take-off and landing possible. Propulsion is additionally generated by a propeller or jet engine. Possibly lift is supported by rigid wings.,,,B3-5,[],Rotorcraft Gyrodyne Rotor is driven by a motor. Vertical take-off and landing possible. Propulsion is additionally generated by a propeller or jet engine. Possibly lift is supported by rigid wings.
B353,B3-5.3,Rotorcraft,Helicopter,Rotor/s are driven by a motor and provide lift as well as propulsion.,,,B3-5,[],Rotorcraft Helicopter Rotor/s are driven by a motor and provide lift as well as propulsion.
B36,B3-6,Special aircraft,,Specially equipped aircraft for distinct purposes,,,B3,"['B3-6.1', 'B3-6.2', 'B3-6.3', 'B3-6.4']",Special aircraft Specially equipped aircraft for distinct purposes
B361,B3-6.1,Special aircraft,Rescue aircraft,Special aircraft for emergency response,,,B3-6,[],Special aircraft Rescue aircraft Special aircraft for emergency response
B362,B3-6.2,Special aircraft,Science aircraft,Special aircraft for science,,,B3-6,[],Special aircraft Science aircraft Special aircraft for science
B363,B3-6.3,Special aircraft,Military aircraft,Special aircraft for military,,,B3-6,[],Special aircraft Military aircraft Special aircraft for military
B364,B3-6.4,Special aircraft,Freight transport aircraft,Special aircraft for cargo transport,,,B3-6,[],Special aircraft Freight transport aircraft Special aircraft for cargo transport
B41,B4-1,Rocket,,Launch vehicle used to lift payloads from Earth into space,,,B4,"['B4-1.1', 'B4-1.2']",Rocket Launch vehicle used to lift payloads from Earth into space
B411,B4-1.1,Rocket,Expendable rocket,Rocket used only once,,,B4-1,[],Rocket Expendable rocket Rocket used only once
B412,B4-1.2,Rocket,Reusable rocket,Rocket which can land and used again,,,B4-1,[],Rocket Reusable rocket Rocket which can land and used again
B42,B4-2,Spacecraft,,"Space vehicle for operation in space, including crewed and uncrewed, cargo transport, and satellites",,,B4,"['B4-2.1', 'B4-2.2', 'B4-2.3']","Spacecraft Space vehicle for operation in space, including crewed and uncrewed, cargo transport, and satellites"
B421,B4-2.1,Spacecraft,Human spacecraft,Spacecraft used to transport humans in space,"Crewed capsule, spaceplane, interplanetary spacecraft",,B4-2,[],Spacecraft Human spacecraft Spacecraft used to transport humans in space
B422,B4-2.2,Spacecraft,Cargo spacecraft,Spacecraft used to transport goods in space,,,B4-2,[],Spacecraft Cargo spacecraft Spacecraft used to transport goods in space
B423,B4-2.3,Spacecraft,Specialized orbital satellite,"Satellite designed for specific purposes, such as weather, navigation, observation, or communication, operating in Earth orbit",,,B4-2,[],"Spacecraft Specialized orbital satellite Satellite designed for specific purposes, such as weather, navigation, observation, or communication, operating in Earth orbit"
B43,B4-3,Space habitat,,Space vehicle support long-term human presence in space,,,B4,"['B4-3.1', 'B4-3.2']",Space habitat Space vehicle support long-term human presence in space
B431,B4-3.1,Space habitat,Space station,"Space habitat orbit Earth and serve as platforms for research, crew rotation, and short-term habitation",,,B4-3,[],"Space habitat Space station Space habitat orbit Earth and serve as platforms for research, crew rotation, and short-term habitation"
B432,B4-3.2,Space habitat,Deep space habitat,Space habitat designed for extended missions beyond Earth,,,B4-3,[],Space habitat Deep space habitat Space habitat designed for extended missions beyond Earth
B51,B5-1,Swimmer/diver,,Person partially or fully submerged in water.,Diver,,B5,"['B5-1.1', 'B5-1.2']",Swimmer/diver Person partially or fully submerged in water.
B511,B5-1.1,Swimmer/diver,Swimmer/diver with equipment,Person using equipment that assists with swimming or diving.,"Diving fin, diving mask, snorkel, compressed air supply, buoyancy compensator, inflatable armband",,B5-1,[],Swimmer/diver Swimmer/diver with equipment Person using equipment that assists with swimming or diving.
B512,B5-1.2,Swimmer/diver,Swimmer/diver without equipment,Person without equipment.,"Wetsuit, semi dry suit, dry suit, hot water suit",,B5-1,[],Swimmer/diver Swimmer/diver without equipment Person without equipment.
B52,B5-2,Human-powered watertransport,,Watercraft that is powered by human muscles.,,"Any kind of engine, swimmer and diver, wind-powered watercraft",B5,"['B5-2.1', 'B5-2.2']",Human-powered watertransport Watercraft that is powered by human muscles.
B521,B5-2.1,Human-powered watertransport,Paddled and oared watercraft,Watercraft that is propelled forward using oars or paddles.,"Row boat, dingh, canoe, kayak, SUP, gondola, coracle, sampans, scull, dory",,B5-2,[],Human-powered watertransport Paddled and oared watercraft Watercraft that is propelled forward using oars or paddles.
B522,B5-2.2,Human-powered watertransport,Pedaled watercraft,Watercraft that is operated by using pedals.,"Pedalo, hydrocycle, pedal-powered hydrofoil, pedal powered kayak",,B5-2,[],Human-powered watertransport Pedaled watercraft Watercraft that is operated by using pedals.
B53,B5-3,Windpowered watertransport,,Watercraft that is propelled forward by using wind.,,,B5,"['B5-3.1', 'B5-3.2', 'B5-3.3']",Windpowered watertransport Watercraft that is propelled forward by using wind.
B531,B5-3.1,Windpowered watertransport,Sailing boat,Watercraft that uses one or multiple sails as its primary propelling system.,,,B5-3,[],Windpowered watertransport Sailing boat Watercraft that uses one or multiple sails as its primary propelling system.
B532,B5-3.2,Windpowered watertransport,Kite boat,Watercraft that uses a kite as its primary propelling system.,,,B5-3,[],Windpowered watertransport Kite boat Watercraft that uses a kite as its primary propelling system.
B533,B5-3.3,Windpowered watertransport,Windmill boat,Watercraft that uses a windmill that is mechanically or electrically connected to a propeller.,,,B5-3,[],Windpowered watertransport Windmill boat Watercraft that uses a windmill that is mechanically or electrically connected to a propeller.
B54,B5-4,Engined watercraft,,Watercraft that is powered by one or several motors.,,,B5,"['B5-4.1', 'B5-4.2', 'B5-4.3']",Engined watercraft Watercraft that is powered by one or several motors.
B541,B5-4.1,Engined watercraft,Engined watercraft of short length,"Watercraft with a maximal overall length not exceeding 16 feet (4,9 m).",,,B5-4,[],"Engined watercraft Engined watercraft of short length Watercraft with a maximal overall length not exceeding 16 feet (4,9 m)."
B542,B5-4.2,Engined watercraft,Engined watercraft of medium length,"Watercraft with a maximal overall length exceeding 16 feet (4,9m) but not exceeding 65 feet (19,8m).",,,B5-4,[],"Engined watercraft Engined watercraft of medium length Watercraft with a maximal overall length exceeding 16 feet (4,9m) but not exceeding 65 feet (19,8m)."
B543,B5-4.3,Engined watercraft,Engined watercraft of large length,"Watercraft with a maximal overall length exceeding 65 feet (19,8m).",,,B5-4,[],"Engined watercraft Engined watercraft of large length Watercraft with a maximal overall length exceeding 65 feet (19,8m)."
B55,B5-5,Long distance passengership,,Watercraft that is used for long distance passenger transport and has the main purpose of hosting and entertaining tourists.,"Cruise ship, ferry crossing long distances on open water","Ferry crossing short distances on closed water (lake, river etc.)",B5,"['B5-5.1', 'B5-5.2', 'B5-5.3']",Long distance passengership Watercraft that is used for long distance passenger transport and has the main purpose of hosting and entertaining tourists.
B551,B5-5.1,Long distance passengership,Long distance passengership of small size,Passenger ship with a maximum passenger capacity of 1000.,,,B5-5,[],Long distance passengership Long distance passengership of small size Passenger ship with a maximum passenger capacity of 1000.
B552,B5-5.2,Long distance passengership,Long distance passengership of medium size,Passenger ship with a maximum passenger capacity of 3000.,,,B5-5,[],Long distance passengership Long distance passengership of medium size Passenger ship with a maximum passenger capacity of 3000.
B553,B5-5.3,Long distance passengership,Long distance passengership of large size,Passenger ship with a maximum passenger capacity of 7000.,,,B5-5,[],Long distance passengership Long distance passengership of large size Passenger ship with a maximum passenger capacity of 7000.
B56,B5-6,Ferry,,Watercraft that is used for short distance passenger transport with the main purpose of transporting people and vehicles.,,Ferry crossing long distances on open water,B5,"['B5-6.1', 'B5-6.2', 'B5-6.3']",Ferry Watercraft that is used for short distance passenger transport with the main purpose of transporting people and vehicles.
B561,B5-6.1,Ferry,Small sized ferry,Ferry with a maximum passenger capacity of 500.,,,B5-6,[],Ferry Small sized ferry Ferry with a maximum passenger capacity of 500.
B562,B5-6.2,Ferry,Medium sized ferry,Ferry with a maximum passenger capacity of 2000.,,,B5-6,[],Ferry Medium sized ferry Ferry with a maximum passenger capacity of 2000.
B563,B5-6.3,Ferry,Large sized ferry,Ferry with a maximum passenger capacity of 3500.,,,B5-6,[],Ferry Large sized ferry Ferry with a maximum passenger capacity of 3500.
B57,B5-7,Special watercraft,,Specially equipped watercraft for distinct purposes.,,,B5,"['B5-7.1', 'B5-7.2', 'B5-7.3', 'B5-7.4', 'B5-7.5', 'B5-7.6']",Special watercraft Specially equipped watercraft for distinct purposes.
B571,B5-7.1,Special watercraft,Rescue watercraft,Special watercraft used to rescue ships or people in distress.,"Lifeboat, Rescue watercraft (RWC), motorboat equipped to rescue people, tugboat jetski",,B5-7,[],Special watercraft Rescue watercraft Special watercraft used to rescue ships or people in distress.
B572,B5-7.2,Special watercraft,Science watercraft,Special watercraft for science.,"Submarine, diving robot (ROUV)",,B5-7,[],Special watercraft Science watercraft Special watercraft for science.
B573,B5-7.3,Special watercraft,Military watercraft,Special watercraft for military.,"Military submarine, aircraft carrier, destroyer, corvette, frigate, cruiser",,B5-7,[],Special watercraft Military watercraft Special watercraft for military.
B574,B5-7.4,Special watercraft,Fishing watercraft,Special watercraft for fishing.,"Trawler, seiner, longliner, dredger, gillnetter",,B5-7,[],Special watercraft Fishing watercraft Special watercraft for fishing.
B575,B5-7.5,Special watercraft,Support watercraft,Special watercraft for the support of other ships and operations on water.,"Tug ship, icebreaker, feeder",,B5-7,[],Special watercraft Support watercraft Special watercraft for the support of other ships and operations on water.
B576,B5-7.6,Special watercraft,Freight watercraft,Special watercraft for the transportation of goods.,,,B5-7,[],Special watercraft Freight watercraft Special watercraft for the transportation of goods.
B61,B6-1,Diver assisted device,,Underwater devices that directly augment a diver's capabilities,,,B6,"['B6-1.1', 'B6-1.2']",Diver assisted device Underwater devices that directly augment a diver's capabilities
B611,B6-1.1,Diver assisted device,Propulsion device,Handheld or rider-operated devices that increase a diver's speed and range underwater,,,B6-1,[],Diver assisted device Propulsion device Handheld or rider-operated devices that increase a diver's speed and range underwater
B612,B6-1.2,Diver assisted device,Assist exoskeleton,Wearable robotic systems that enhance a diver's strength and dexterity,,,B6-1,[],Diver assisted device Assist exoskeleton Wearable robotic systems that enhance a diver's strength and dexterity
B62,B6-2,Underwater vehicle,,Type of transport designed to operate beneath the surface of water,,,B6,"['B6-2.1', 'B6-2.2', 'B6-2.3']",Underwater vehicle Type of transport designed to operate beneath the surface of water
B621,B6-2.1,Underwater vehicle,Submersible,"Smaller, specialized underwater vehicles designed for specific tasks like deep-sea research or tourism",,,B6-2,[],"Underwater vehicle Submersible Smaller, specialized underwater vehicles designed for specific tasks like deep-sea research or tourism"
B622,B6-2.2,Underwater vehicle,Submarine,"Large, self-contained vessels designed for extended underwater missions, capable of long-range travel",,,B6-2,[],"Underwater vehicle Submarine Large, self-contained vessels designed for extended underwater missions, capable of long-range travel"
B623,B6-2.3,Underwater vehicle,Remotely operated vehicle,Tethered underwater vehicles controlled from a surface vessel,,,B6-2,[],Underwater vehicle Remotely operated vehicle Tethered underwater vehicles controlled from a surface vessel
C111,C1.1-1,Residential area,,Outdoor area used for daily living activities.,,,C1,"['C1.1-1.1', 'C1.1-1.2', 'C1.1-1.3', 'C1.1-1.4', 'C1.1-1.5', 'C1.1-1.6', 'C1.1-1.7']",Residential area Outdoor area used for daily living activities.
C1111,C1.1-1.1,Residential area,Backyard/front garden,Adjoining structure attached to a building with no specified use.,Terrace,,C1.1-1,[],Residential area Backyard/front garden Adjoining structure attached to a building with no specified use.
C1112,C1.1-1.2,Residential area,Roof,Part located at the top boundary of a building.,,,C1.1-1,[],Residential area Roof Part located at the top boundary of a building.
C1113,C1.1-1.3,Residential area,Driveway,"Frequently used section connecting roads and structures used by cars (e.g. car park, garage).",,,C1.1-1,[],"Residential area Driveway Frequently used section connecting roads and structures used by cars (e.g. car park, garage)."
C1114,C1.1-1.4,Residential area,Park and Garden,"Human-controlled green space used for recreational activities, relaxation and other purposes.",Private park,Agriculturally used garden,C1.1-1,[],"Residential area Park and Garden Human-controlled green space used for recreational activities, relaxation and other purposes."
C1115,C1.1-1.5,Residential area,Sports and Entertainment,Area used for sports and/or entertainment involving physical activity.,"Playground, sports field",,C1.1-1,[],Residential area Sports and Entertainment Area used for sports and/or entertainment involving physical activity.
C1116,C1.1-1.6,Residential area,Outdoor Pool,Artificial structure filled with water used for swimming.,,,C1.1-1,[],Residential area Outdoor Pool Artificial structure filled with water used for swimming.
C1117,C1.1-1.7,Residential area,Square,Large flat expanse that can be used for various purposes.,Market place,,C1.1-1,[],Residential area Square Large flat expanse that can be used for various purposes.
C112,C1.1-2,Mobility area,,Area used for mobility and transport.,,,C1,"['C1.1-2.1', 'C1.1-2.2', 'C1.1-2.3', 'C1.1-2.4', 'C1.1-2.5']",Mobility area Area used for mobility and transport.
C1121,C1.1-2.1,Mobility area,Railway,Linear structure on which rail vehicles move.,,,C1.1-2,[],Mobility area Railway Linear structure on which rail vehicles move.
C1122,C1.1-2.2,Mobility area,Walkway,Path that is used primarily on foot. Pavement can range from asphalt to lack of vegetation due to frequent use.,"Sidewalk, footpath, hiking path",,C1.1-2,[],Mobility area Walkway Path that is used primarily on foot. Pavement can range from asphalt to lack of vegetation due to frequent use.
C1123,C1.1-2.3,Mobility area,Slow road,Maximum speed of 30km/h (approx. 19mph),,,C1.1-2,[],Mobility area Slow road Maximum speed of 30km/h (approx. 19mph)
C1124,C1.1-2.4,Mobility area,Fast road,Maximum speed of 80km/h (approx. 50mph),,,C1.1-2,[],Mobility area Fast road Maximum speed of 80km/h (approx. 50mph)
C1125,C1.1-2.5,Mobility area,High speed road,Speed above 80km/h (approx. 50mph),,,C1.1-2,[],Mobility area High speed road Speed above 80km/h (approx. 50mph)
C113,C1.1-3,Economical area,,Area used for economy.,,,C1,"['C1.1-3.1', 'C1.1-3.2', 'C1.1-3.3', 'C1.1-3.4', 'C1.1-3.5']",Economical area Area used for economy.
C1131,C1.1-3.1,Economical area,Construction site,"Area where something is being built, rebuilt or demolished.",,,C1.1-3,[],"Economical area Construction site Area where something is being built, rebuilt or demolished."
C1132,C1.1-3.2,Economical area,Opencast mining,Above-ground area used for extraction of raw materials.,,,C1.1-3,[],Economical area Opencast mining Above-ground area used for extraction of raw materials.
C1133,C1.1-3.3,Economical area,Depository,Area used for storage.,,,C1.1-3,[],Economical area Depository Area used for storage.
C1134,C1.1-3.4,Economical area,Agricultural land,Land used for the production of organic goods.,,,C1.1-3,[],Economical area Agricultural land Land used for the production of organic goods.
C1135,C1.1-3.5,Economical area,Dam,Structure used to divert or retain water.,,,C1.1-3,[],Economical area Dam Structure used to divert or retain water.
C114,C1.1-4,Landscape area,,Area with special signs of nature.,,,C1,"['C1.1-4.1', 'C1.1-4.2', 'C1.1-4.3', 'C1.1-4.4', 'C1.1-4.5', 'C1.1-4.6', 'C1.1-4.7', 'C1.1-4.8']",Landscape area Area with special signs of nature.
C1141,C1.1-4.1,Landscape area,Forest,Area with a high density of trees.,,,C1.1-4,[],Landscape area Forest Area with a high density of trees.
C1142,C1.1-4.2,Landscape area,Island,Land surrounded by water.,,,C1.1-4,[],Landscape area Island Land surrounded by water.
C1143,C1.1-4.3,Landscape area,Lakeshore and beach,"Area near a body of water whose soil consists of sand, gravel/stone and/or earth.",,Body of water,C1.1-4,[],"Landscape area Lakeshore and beach Area near a body of water whose soil consists of sand, gravel/stone and/or earth."
C1144,C1.1-4.4,Landscape area,Grassland,Area predominantly covered by grass.,"Maedow, lawn",,C1.1-4,[],Landscape area Grassland Area predominantly covered by grass.
C1145,C1.1-4.5,Landscape area,Desert,"Dry area covered with sand or stone, with sparse or absent flora and fauna and a hot climate.",Salt desert,,C1.1-4,[],"Landscape area Desert Dry area covered with sand or stone, with sparse or absent flora and fauna and a hot climate."
C1146,C1.1-4.6,Landscape area,Swamp,Landscape whose soil has high moisture.,Marsh,,C1.1-4,[],Landscape area Swamp Landscape whose soil has high moisture.
C1147,C1.1-4.7,Landscape area,Ice landscape,Landscape covered with snow or ice.,Larger glacier,,C1.1-4,[],Landscape area Ice landscape Landscape covered with snow or ice.
C1148,C1.1-4.8,Landscape area,Mountain & Volcanic Landscape,Area whose soil is made up of different types of rock and in which major altitude gradients occur.,,,C1.1-4,[],Landscape area Mountain & Volcanic Landscape Area whose soil is made up of different types of rock and in which major altitude gradients occur.
C12,C1.2,Underground area,,Area underneath the ground of natural or artificial origin.,,,C1,[],Underground area Area underneath the ground of natural or artificial origin.
C121,C1.2-1,Underground area,Unexplored cave,Cave system that is neither secured nor explored.,,,C1,[],Underground area Unexplored cave Cave system that is neither secured nor explored.
C122,C1.2-2,Underground area,Unsecured cave,"Cave system that is not thoroughly secured, but has been explored.",,,C1,[],"Underground area Unsecured cave Cave system that is not thoroughly secured, but has been explored."
C123,C1.2-3,Underground area,Secured cave,"Cave system that is fully explored, secured against collapse and contains safety features that make it safe to traverse.",,,C1,[],"Underground area Secured cave Cave system that is fully explored, secured against collapse and contains safety features that make it safe to traverse."
C124,C1.2-4,Underground area,Water-filled cave/mine,Cave or artificially created underground cavern filled with water.,,,C1,[],Underground area Water-filled cave/mine Cave or artificially created underground cavern filled with water.
C125,C1.2-5,Underground area,Mine,Cavern serving the mining industry.,,,C1,[],Underground area Mine Cavern serving the mining industry.
C126,C1.2-6,Underground area,Tunnel,Underground structure that allows passage through a mountain or under other structures such as rivers and roads.,,,C1,[],Underground area Tunnel Underground structure that allows passage through a mountain or under other structures such as rivers and roads.
C13,C1.3,Water area,,Area covered by water,,,C1,[],Water area Area covered by water
C131,C1.3-1,Water area,River,Directional flowing inland water,"Canal, brook/stream, lock",,C1,[],Water area River Directional flowing inland water
C132,C1.3-2,Water area,Lake,Large body of water surrounded by land.,Pond,,C1,[],Water area Lake Large body of water surrounded by land.
C133,C1.3-3,Water area,Coastal water,"Distance up to 1 M (1,852km) from coast",,,C1,[],"Water area Coastal water Distance up to 1 M (1,852km) from coast"
C134,C1.3-4,Water area,Territorial water,"Distance up to 12 M (22,224km) from coast",,,C1,[],"Water area Territorial water Distance up to 12 M (22,224km) from coast"
C135,C1.3-5,Water area,Contiguous zone,"Distance up to 24 M (44,448km) from coast",,,C1,[],"Water area Contiguous zone Distance up to 24 M (44,448km) from coast"
C136,C1.3-6,Water area,EEZ (exclusive economic zone),"Distance up to 200 M (370,4km) from coast",,,C1,[],"Water area EEZ (exclusive economic zone) Distance up to 200 M (370,4km) from coast"
C137,C1.3-7,Water area,High seas,"Distance of more than 200 M (370,4km) from coast",,,C1,[],"Water area High seas Distance of more than 200 M (370,4km) from coast"
C14,C1.4,Underwater area,,Area underneath the water surface.,,,C1,[],Underwater area Area underneath the water surface.
C141,C1.4-1,Underwater area,Light-flooded water layer,Depth 0m to 200m.,,,C1,[],Underwater area Light-flooded water layer Depth 0m to 200m.
C142,C1.4-2,Underwater area,Dark water layer,Depth more than 200m.,,,C1,[],Underwater area Dark water layer Depth more than 200m.
C15,C1.5,Air space,,Area above land or water surface.,,,C1,[],Air space Area above land or water surface.
C151,C1.5-1,Air space,Lower Airspace,Between 0m (sea level) and 7.5km.,,,C1,[],Air space Lower Airspace Between 0m (sea level) and 7.5km.
C152,C1.5-2,Air space,Upper Airspace,Between 7.5km and 100km.,,,C1,[],Air space Upper Airspace Between 7.5km and 100km.
C16,C1.6,Space,,Area with an altitude above 100km (sea level).,,,C1,[],Space Area with an altitude above 100km (sea level).
C21,C2-1,Residential building,,A building or accommodation primarily used for daily living and personal storage by individuals or families.,,Assisted living facilities,C2,"['C2-1.1', 'C2-1.2', 'C2-1.3', 'C2-1.4', 'C2-1.5', 'C2-1.6']",Residential building A building or accommodation primarily used for daily living and personal storage by individuals or families.
C211,C2-1.1,Residential building,Detached house,"Residential building, which has no direct connection to adjacent houses",,,C2-1,[],"Residential building Detached house Residential building, which has no direct connection to adjacent houses"
C212,C2-1.2,Residential building,Terrace house,"Residential building, which has a direct connection to adjacent houses",,,C2-1,[],"Residential building Terrace house Residential building, which has a direct connection to adjacent houses"
C213,C2-1.3,Residential building,Apartment/apartment building,Building in which several households live,,,C2-1,[],Residential building Apartment/apartment building Building in which several households live
C214,C2-1.4,Residential building,Mobile home,Non-stationary residential accommodation that is capable of being independently moved or moved by another vehicle,"Motorhome/caravan, houseboat",,C2-1,[],Residential building Mobile home Non-stationary residential accommodation that is capable of being independently moved or moved by another vehicle
C215,C2-1.5,Residential building,Hut/tent,Accommodation with limited structural integrity and lack of a foundation.,Tree house,,C2-1,[],Residential building Hut/tent Accommodation with limited structural integrity and lack of a foundation.
C216,C2-1.6,Residential building,Shed/garage,Unoccupied building with different uses and limited structural integrity,,,C2-1,[],Residential building Shed/garage Unoccupied building with different uses and limited structural integrity
C22,C2-2,Commercial building,,Buildings used for business activities,,,C2,"['C2-2.1', 'C2-2.2', 'C2-2.3', 'C2-2.4']",Commercial building Buildings used for business activities
C221,C2-2.1,Commercial building,Shop building,A commercial building where goods and services are sold to consumers,"Shopping mall, retail center, store",,C2-2,[],Commercial building Shop building A commercial building where goods and services are sold to consumers
C222,C2-2.2,Commercial building,Office building,"A commercial building providing workspaces for businesses, housing offices, meeting rooms, and related facilities for professional activities",,,C2-2,[],"Commercial building Office building A commercial building providing workspaces for businesses, housing offices, meeting rooms, and related facilities for professional activities"
C223,C2-2.3,Commercial building,Hotel building,Building which provides paid lodging on a short-term basis,,,C2-2,[],Commercial building Hotel building Building which provides paid lodging on a short-term basis
C224,C2-2.4,Commercial building,Gastronomic building,A commercial building designed specifically for food-related activities,"Restaurant, cafe, food court",,C2-2,[],Commercial building Gastronomic building A commercial building designed specifically for food-related activities
C23,C2-3,Educational building,,Building that is used for care and/or educational purposes,,,C2,"['C2-3.1', 'C2-3.2', 'C2-3.3']",Educational building Building that is used for care and/or educational purposes
C231,C2-3.1,Educational building,Kindergarten/day care,Childcare facility,,,C2-3,[],Educational building Kindergarten/day care Childcare facility
C232,C2-3.2,Educational building,School,Buildings for primary and secondary education,,Gymnasium,C2-3,[],Educational building School Buildings for primary and secondary education
C233,C2-3.3,Educational building,University/college,Educational institutions for adults where higher academic degrees can be obtained,,Gymnasium,C2-3,[],Educational building University/college Educational institutions for adults where higher academic degrees can be obtained
C24,C2-4,Healthcare building,,Building designed to provide medical care and support services,,,C2,"['C2-4.1', 'C2-4.2', 'C2-4.3', 'C2-4.4']",Healthcare building Building designed to provide medical care and support services
C241,C2-4.1,Healthcare building,Hospital,Building in which patients can stay overnight while being treated medically,Inpatient rehabilitation clinic,,C2-4,[],Healthcare building Hospital Building in which patients can stay overnight while being treated medically
C242,C2-4.2,Healthcare building,Outpatient clinic,Building in which patients get outpatient services and routine care,health center,,C2-4,[],Healthcare building Outpatient clinic Building in which patients get outpatient services and routine care
C243,C2-4.3,Healthcare building,Health professionals' office,"Buildings where individuals visit for routine check-ups, consultations, and non-emergency medical care","General Practician/specialist practice, other practices such as physio/occupational therapy",,C2-4,[],"Healthcare building Health professionals' office Buildings where individuals visit for routine check-ups, consultations, and non-emergency medical care"
C244,C2-4.4,Healthcare building,Assisted living facility,"Buildings equipped with advanced technology to monitor and support the health and well-being of its inhabitants, particularly individuals with special needs or health concerns",,,C2-4,[],"Healthcare building Assisted living facility Buildings equipped with advanced technology to monitor and support the health and well-being of its inhabitants, particularly individuals with special needs or health concerns"
C25,C2-5,Public building,,Buildings designed to serve the needs of the public and government functions,,,C2,"['C2-5.1', 'C2-5.2', 'C2-5.3', 'C2-5.4', 'C2-5.5', 'C2-5.6']",Public building Buildings designed to serve the needs of the public and government functions
C251,C2-5.1,Public building,City adminstration,Buildings where local government meetings and administrative functions take place,,,C2-5,[],Public building City adminstration Buildings where local government meetings and administrative functions take place
C252,C2-5.2,Public building,Courthouse,"Buildings where legal proceedings, trials, and judicial activities occur",,,C2-5,[],"Public building Courthouse Buildings where legal proceedings, trials, and judicial activities occur"
C253,C2-5.3,Public building,Police station,Buildings where law enforcement officers are based and operate,,,C2-5,[],Public building Police station Buildings where law enforcement officers are based and operate
C254,C2-5.4,Public building,Fire station,Buildings housing fire-fighting equipment and personnel,,,C2-5,[],Public building Fire station Buildings housing fire-fighting equipment and personnel
C255,C2-5.5,Public building,Post office,Buildings for mailing services and postal operations,,,C2-5,[],Public building Post office Buildings for mailing services and postal operations
C256,C2-5.6,Public building,Public library,"Public buildings that provide access to books, information, and other educational resources",,,C2-5,[],"Public building Public library Public buildings that provide access to books, information, and other educational resources"
C26,C2-6,Industrial building,,"Buildings designed for industrial activities such as manufacturing, storage, and production",,,C2,"['C2-6.1', 'C2-6.2', 'C2-6.3', 'C2-6.4', 'C2-6.5']","Industrial building Buildings designed for industrial activities such as manufacturing, storage, and production"
C261,C2-6.1,Industrial building,Factory,Buildings where goods are manufactured or assembled,,,C2-6,[],Industrial building Factory Buildings where goods are manufactured or assembled
C262,C2-6.2,Industrial building,Workshop,Buildings for specialized manual work,"Crafting, assembly, repair, or light manufacturing.",,C2-6,[],Industrial building Workshop Buildings for specialized manual work
C263,C2-6.3,Industrial building,Warehouse,"Buildings used for the storage of raw materials, goods, or finished products.",,,C2-6,[],"Industrial building Warehouse Buildings used for the storage of raw materials, goods, or finished products."
C264,C2-6.4,Industrial building,Power plant,"Facility in which one form of energy is converted into another, usually electricity","Nuclear powerplant, powerplant running on fossil fuel",,C2-6,[],"Industrial building Power plant Facility in which one form of energy is converted into another, usually electricity"
C265,C2-6.5,Industrial building,Construction/demolition site,"A building that is in the process of construction, reconstruction, or demolition and thus differs significantly from the planned building",,,C2-6,[],"Industrial building Construction/demolition site A building that is in the process of construction, reconstruction, or demolition and thus differs significantly from the planned building"
C27,C2-7,Agricultural building,,Building for agricultural purposes,,,C2,"['C2-7.1', 'C2-7.2', 'C2-7.3']",Agricultural building Building for agricultural purposes
C271,C2-7.1,Agricultural building,Barn,"Buildings used for storing livestock, feed, equipment, and sometimes crops",,,C2-7,[],"Agricultural building Barn Buildings used for storing livestock, feed, equipment, and sometimes crops"
C272,C2-7.2,Agricultural building,Silo,"A building used for storing bulk materials, typically grains, silage, or fodder",,,C2-7,[],"Agricultural building Silo A building used for storing bulk materials, typically grains, silage, or fodder"
C273,C2-7.3,Agricultural building,Greenhouse,"Building designed to grow plants, especially in controlled environments to protect from adverse weather conditions",,,C2-7,[],"Agricultural building Greenhouse Building designed to grow plants, especially in controlled environments to protect from adverse weather conditions"
C28,C2-8,Cultural building,,"Buildings designed for public entertainment, artistic, and cultural activities",,,C2,"['C2-8.1', 'C2-8.2', 'C2-8.3', 'C2-8.4']","Cultural building Buildings designed for public entertainment, artistic, and cultural activities"
C281,C2-8.1,Cultural building,Theatre,"Buildings used for live performances, plays, movies",,,C2-8,[],"Cultural building Theatre Buildings used for live performances, plays, movies"
C282,C2-8.2,Cultural building,Art gallery,Buildings for displaying visual art,,,C2-8,[],Cultural building Art gallery Buildings for displaying visual art
C283,C2-8.3,Cultural building,Museum,"Buildings that preserve and exhibit historical, cultural, or scientific objects",,,C2-8,[],"Cultural building Museum Buildings that preserve and exhibit historical, cultural, or scientific objects"
C284,C2-8.4,Cultural building,Social building,Buildings used for socialisation purposes,"Play parks, circus, club/disco, pubs/bars",,C2-8,[],Cultural building Social building Buildings used for socialisation purposes
C29,C2-9,Sport building,,Facility that is used for sports,,,C2,"['C2-9.1', 'C2-9.2', 'C2-9.3']",Sport building Facility that is used for sports
C291,C2-9.1,Sport building,General sporting facility,Facility where sports activities are practiced,"Sports hall belonging to an educational facility, indoor courts for ball sports, skating halls, weight rooms, bouldering/climbing halls",,C2-9,[],Sport building General sporting facility Facility where sports activities are practiced
C292,C2-9.2,Sport building,Swimming facility,A facility with at least one pool that can be filled with water and used for swimming,,,C2-9,[],Sport building Swimming facility A facility with at least one pool that can be filled with water and used for swimming
C293,C2-9.3,Sport building,Shooting range,Facility intended for the use of projectile weapons,,,C2-9,[],Sport building Shooting range Facility intended for the use of projectile weapons
C210,C2-10,Military building,,Building used by armed forces,,,C2,"['C2-10.1', 'C2-10.2', 'C2-10.3']",Military building Building used by armed forces
C2101,C2-10.1,Military building,Military base,Buildings for training and housing military personnel,,,C2-10,[],Military building Military base Buildings for training and housing military personnel
C2102,C2-10.2,Military building,Barrack,Living quarters for military personnel,,,C2-10,[],Military building Barrack Living quarters for military personnel
C2103,C2-10.3,Military building,Armories,Storage facilities for weapons and military equipment,,,C2-10,[],Military building Armories Storage facilities for weapons and military equipment
C211,C2-11,Special building,,Buildings for specific purposes,,,C2,"['C2-11.1', 'C2-11.2', 'C2-11.3', 'C2-11.4', 'C2-11.5']",Special building Buildings for specific purposes
C2111,C2-11.1,Special building,Prison,Secure building for housing individuals in custody or serving sentences.,,,C2-11,[],Special building Prison Secure building for housing individuals in custody or serving sentences.
C2112,C2-11.2,Special building,Railway station,"Buildings for boarding, alighting, and managing train operations",,,C2-11,[],"Special building Railway station Buildings for boarding, alighting, and managing train operations"
C2113,C2-11.3,Special building,Airport,"Building for air travel, including passenger terminals, runways, and control towers",,,C2-11,[],"Special building Airport Building for air travel, including passenger terminals, runways, and control towers"
C2114,C2-11.4,Special building,Port station,"Building for docking ships, handling cargo, and passenger transportation by sea",,,C2-11,[],"Special building Port station Building for docking ships, handling cargo, and passenger transportation by sea"
C2115,C2-11.5,Special building,Public religious place,"Building for communal religious activities, ceremonies, and worship","Church, mosque, synagogue, temple",,C2-11,[],"Special building Public religious place Building for communal religious activities, ceremonies, and worship"
D1,D-1,General living,,Room used for daily living activities.,,,D,"['D-1.1', 'D-1.2', 'D-1.3', 'D-1.4', 'D-1.5', 'D-1.6', 'D-1.7', 'D-1.8', 'D-1.9', 'D-1.10', 'D-1.11', 'D-1.12']",General living Room used for daily living activities.
D11,D-1.1,General living,Entrance hall,Entry area leading into the living room,,,D-1,[],General living Entrance hall Entry area leading into the living room
D12,D-1.2,General living,Living room,"Room for relaxation and socializing typically features comfortable seating like sofas, chairs, and entertainment systems.","Family room, play room",,D-1,[],"General living Living room Room for relaxation and socializing typically features comfortable seating like sofas, chairs, and entertainment systems."
D13,D-1.3,General living,Bedroom,"Private room designed for sleeping and personal use, designed for adults/teens",Kids room,,D-1,[],"General living Bedroom Private room designed for sleeping and personal use, designed for adults/teens"
D14,D-1.4,General living,Dining room,A space for eating meals,,,D-1,[],General living Dining room A space for eating meals
D15,D-1.5,General living,Dressing room,Room for changing clothes,,,D-1,[],General living Dressing room Room for changing clothes
D16,D-1.6,General living,Wardrobe room,"Rooms for storing clothes, shoes, and accessories",,,D-1,[],"General living Wardrobe room Rooms for storing clothes, shoes, and accessories"
D17,D-1.7,General living,Balcony,"Elevated room attached to the house offers a private outdoor space for sitting or relaxing, usually with a view",Roof terrace,,D-1,[],"General living Balcony Elevated room attached to the house offers a private outdoor space for sitting or relaxing, usually with a view"
D18,D-1.8,General living,Attic room,Room between the roof and the top floor,,,D-1,[],General living Attic room Room between the roof and the top floor
D19,D-1.9,General living,Basement room,Underground room under a house.,,,D-1,[],General living Basement room Underground room under a house.
D110,D-1.10,General living,Corridor,Room between other rooms that mainly has a separating and connecting function.,,,D-1,[],General living Corridor Room between other rooms that mainly has a separating and connecting function.
D111,D-1.11,General living,Stairs,Steps that allow primary vertical ascent.,Steps,,D-1,[],General living Stairs Steps that allow primary vertical ascent.
D112,D-1.12,General living,Elevator,Space in which people and objects are passively transported upwards or downwards.,Escalator,,D-1,[],General living Elevator Space in which people and objects are passively transported upwards or downwards.
D2,D-2,Sport,,A room for for indoor exercise or sports,,,D,"['D-2.1', 'D-2.2', 'D-2.3', 'D-2.4']",Sport A room for for indoor exercise or sports
D21,D-2.1,Sport,Sports hall,Indoor facility for sport activities,,,D-2,[],Sport Sports hall Indoor facility for sport activities
D22,D-2.2,Sport,Swimming hall,An indoor facility that contains one or more swimming pools,,,D-2,[],Sport Swimming hall An indoor facility that contains one or more swimming pools
D23,D-2.3,Sport,Exercise hall,"Room for physical activities, featuring areas for group workouts and fitness equipment",Fitness room,,D-2,[],"Sport Exercise hall Room for physical activities, featuring areas for group workouts and fitness equipment"
D24,D-2.4,Sport,Changing room,"Room for changing clothes, often found in gyms, pools, or public facilities",,,D-2,[],"Sport Changing room Room for changing clothes, often found in gyms, pools, or public facilities"
D3,D-3,Wellness,,Room for personal care and wellness facilities,,,D,"['D-3.1', 'D-3.2', 'D-3.3', 'D-3.4', 'D-3.5']",Wellness Room for personal care and wellness facilities
D31,D-3.1,Wellness,Bathroom/toilet,"Room equipped with a toilet and usually a sink, used for personal hygiene and sanitation.",,,D-3,[],"Wellness Bathroom/toilet Room equipped with a toilet and usually a sink, used for personal hygiene and sanitation."
D32,D-3.2,Wellness,Shower room,Room designed primarily for showering,,,D-3,[],Wellness Shower room Room designed primarily for showering
D33,D-3.3,Wellness,Laundry room,"Rooms in which clothes are washed, dried, and sometimes ironed",,,D-3,[],"Wellness Laundry room Rooms in which clothes are washed, dried, and sometimes ironed"
D34,D-3.4,Wellness,Wellness room,Room designed to promote physical and mental well-being.,"Sauna, steam bath, massage room, thermal bath, whirlpool, solarium",,D-3,[],Wellness Wellness room Room designed to promote physical and mental well-being.
D35,D-3.5,Wellness,Quiet room,"A calm, noise-free room for rest, focus, or relaxation",,,D-3,[],"Wellness Quiet room A calm, noise-free room for rest, focus, or relaxation"
D4,D-4,Cultural,,Room used for cultural activities,,,D,"['D-4.1', 'D-4.2']",Cultural Room used for cultural activities
D41,D-4.1,Cultural,Hall,A general-purpose large room used for various cultural activities,"Exhibition hall, religious hall",,D-4,[],Cultural Hall A general-purpose large room used for various cultural activities
D42,D-4.2,Cultural,Stage hall,Room for performances with a stage and audience seating,,,D-4,[],Cultural Stage hall Room for performances with a stage and audience seating
D5,D-5,Medical,,Room to support healthcare services or medical check-ups,,,D,"['D-5.1', 'D-5.2', 'D-5.3', 'D-5.4', 'D-5.5']",Medical Room to support healthcare services or medical check-ups
D51,D-5.1,Medical,Consultation room,"Rooms for assessing, examining, or discussing with patients",examination room,,D-5,[],"Medical Consultation room Rooms for assessing, examining, or discussing with patients"
D52,D-5.2,Medical,Procedure room,Rooms for active medical care or procedure,"Emergency department,  operating room, recovery room, intensive care unit (ICU), inpatient room",,D-5,[],Medical Procedure room Rooms for active medical care or procedure
D53,D-5.3,Medical,Radiology room,"Rooms equipped with imaging equipment such as X-ray, CT, or MRI machines",,,D-5,[],"Medical Radiology room Rooms equipped with imaging equipment such as X-ray, CT, or MRI machines"
D54,D-5.4,Medical,Medical laboratory room,Room for medical investigations,,,D-5,[],Medical Medical laboratory room Room for medical investigations
D55,D-5.5,Medical,Pharmacy room,"Room where medications are stored, prepared, and dispensed.",,,D-5,[],"Medical Pharmacy room Room where medications are stored, prepared, and dispensed."
D6,D-6,Working,,"Room for productivity, collaboration, or focused work",,,D,"['D-6.1', 'D-6.2', 'D-6.3', 'D-6.4', 'D-6.5', 'D-6.6', 'D-6.7']","Working Room for productivity, collaboration, or focused work"
D61,D-6.1,Working,Animal shelter,Room dedicated to animal care operations,,,D-6,[],Working Animal shelter Room dedicated to animal care operations
D62,D-6.2,Working,Office,"Enclosed room for professional, administrative, or clerical work",,,D-6,[],"Working Office Enclosed room for professional, administrative, or clerical work"
D63,D-6.3,Working,Workstation,Space within a workplace where specific tasks or activities are performed,,,D-6,[],Working Workstation Space within a workplace where specific tasks or activities are performed
D64,D-6.4,Working,Kitchen,Room in which food is prepared,,,D-6,[],Working Kitchen Room in which food is prepared
D65,D-6.5,Working,Laboratory,"Room for scientific experiments, research, and technical work",,,D-6,[],"Working Laboratory Room for scientific experiments, research, and technical work"
D66,D-6.6,Working,Sales room,A room for displaying and offering goods for sale,,,D-6,[],Working Sales room A room for displaying and offering goods for sale
D67,D-6.7,Working,Class room,"Room for structured academic work, such as teaching, learning, and academic activities",,,D-6,[],"Working Class room Room for structured academic work, such as teaching, learning, and academic activities"
D7,D-7,Storage,,Room used to store a variety of items,,,D,"['D-7.1', 'D-7.2', 'D-7.3', 'D-7.4', 'D-7.5']",Storage Room used to store a variety of items
D71,D-7.1,Storage,General storage room,Room for storing various items not regularly in use,,,D-7,[],Storage General storage room Room for storing various items not regularly in use
D72,D-7.2,Storage,Food storage room,"Room for storing food products, ensuring they are kept in proper conditions",,,D-7,[],"Storage Food storage room Room for storing food products, ensuring they are kept in proper conditions"
D73,D-7.3,Storage,Stock room,Room for storing inventory or goods intended for sale or distribution,,,D-7,[],Storage Stock room Room for storing inventory or goods intended for sale or distribution
D74,D-7.4,Storage,Vehicle storage room,"Room for storing vehicles, motorcycles, bikes, or related equipment",,,D-7,[],"Storage Vehicle storage room Room for storing vehicles, motorcycles, bikes, or related equipment"
D75,D-7.5,Storage,Tool storage room,Room for storing tools and equipment,,,D-7,[],Storage Tool storage room Room for storing tools and equipment
