ERC_ID,ERC_Title,ERC_Definition,ICD_MMS_Code,ICD_MMS_Title,ICD_Search_Title,ICD_Search_Definition,Search_Synonyms,Rank,Similarity_Score,Relationship
A1,Transport accident,Adverse event in transport resulting in property damage and/or bodily injury,PA0B,Unintentional land transport traffic event injuring a user of a special vehicle mainly used on industrial premises,unintentional land transport traffic event injuring a user of a special vehicle mainly used on industrial premises,,occupant of special vehicle mainly used on industrial premises injured in transport accident; Special-industrial-vehicle accident NOS,1,0.8144921064376831,Equivalent
A11,Transport accident,Transport accident involving a collision of vehicles and/or humans,PA04,Unintentional land transport traffic event injuring a car occupant,unintentional land transport traffic event injuring a car occupant,,car occupant injured in transport accident,1,0.7989349365234375,Equivalent
A12,Transport accident,Transport accident involving a crash of vehicles and/or humans into the deep,PA41.0,"Unintentional water transport injury event with water vessel damaged, disabled or destroyed, causing submersion or drowning","unintentional water transport injury event with water vessel damaged, disabled or destroyed, causing submersion or drowning",,Accident to watercraft causing drowning and submersion; drowning and submersion due to boat sinking,1,0.6821866631507874,ERC-Narrower
A13,Transport accident,Transport accident involving an entrapment of humans,ICD-11 block title,Railway transport injury event of undetermined intent,railway transport injury event of undetermined intent,,,1,0.6813787221908569,ERC-Narrower
A2,Fall,"An adverse event involving a loss of stability or a descent to a lower position, resulting in a human fall.",PA60,Unintentional fall on the same level or from less than 1 metre,unintentional fall on the same level or from less than 1 metre,,ground level fall; fell while ambulating; fall from standing height; fall from standing position; fell from standing,1,0.7515689134597778,Equivalent
A21,Fall,"Falling downward due to gravity, but without a significant change in height or elevation.",PA60,Unintentional fall on the same level or from less than 1 metre,unintentional fall on the same level or from less than 1 metre,,ground level fall; fell while ambulating; fall from standing height; fall from standing position; fell from standing,1,0.773726224899292,Equivalent
A22,Fall,"Falling downward due to gravity, with a significant change in height or elevation.",PA60,Unintentional fall on the same level or from less than 1 metre,unintentional fall on the same level or from less than 1 metre,,ground level fall; fell while ambulating; fall from standing height; fall from standing position; fell from standing,1,0.7186755537986755,ERC-Narrower
A23,Fall,"Falling downward due to gravity, where the height is unspecified.",ICD-11 block title,Fall or jump with undetermined intent,fall or jump with undetermined intent,,fall from height NOS,1,0.6744847893714905,ERC-Narrower
A3,Natural disaster,Adverse event with one or more direct natural causes,PA24,Unintentional land transport event unknown whether traffic or nontraffic injuring a car occupant,unintentional land transport event unknown whether traffic or nontraffic injuring a car occupant,,"unintentional off-road crash injuring a motor vehicle occupant, unknown whether on road; car crash NOS; truck crash NOS",1,0.5566390156745911,ERC-Broader
A31,Natural disaster,Natural disaster caused by strong wind,PJ06,Victim of cataclysmic storm,victim of cataclysmic storm,,,1,0.576102614402771,ERC-Broader
A32,Natural disaster,Natural disaster caused by high-water levels on usually dry ground,XE0CX,"Body of water, flood water","body of water, flood water",,,1,0.7289704084396362,Equivalent
A33,Natural disaster,Natural disaster caused by electrostatic discharge,PJ00,Victim of lightning,victim of lightning,,,1,0.6795785427093506,ERC-Narrower
A34,Natural disaster,Natural disaster caused by shaking of the Earth's surface,PJ02,Victim of cataclysmic earth movements caused by earthquake,victim of cataclysmic earth movements caused by earthquake,,,1,0.7068108916282654,ERC-Narrower
A35,Natural disaster,Natural disaster caused by rapid flow of snow down a slope,PJ05,"Victim of avalanche, landslide or other earth movements","victim of avalanche, landslide or other earth movements",,,1,0.7033863663673401,ERC-Narrower
A36,Natural disaster,Natural disaster caused by the exhibition of magma from earth's surface,PJ02,Victim of cataclysmic earth movements caused by earthquake,victim of cataclysmic earth movements caused by earthquake,,,1,0.49983325600624084,Related to
A37,Natural disaster,Natural disaster caused by the displacement of a large volume of water,XE0CX,"Body of water, flood water","body of water, flood water",,,1,0.6191058158874512,ERC-Narrower
A38,Natural disaster,"Natural disaster caused by the movement of rock, earth, or debris down a slope",PJ05,"Victim of avalanche, landslide or other earth movements","victim of avalanche, landslide or other earth movements",,,1,0.6835228800773621,ERC-Narrower
A39,Natural disaster,Natural event caused by prolonged periods of high temperature or lack of water,XE0CX,"Body of water, flood water","body of water, flood water",,,1,0.4976789653301239,Related to
A310,Natural disaster,Natural event caused by prolonged periods of low temperature or lack of heat,PJ05,"Victim of avalanche, landslide or other earth movements","victim of avalanche, landslide or other earth movements",,,1,0.43929895758628845,Related to
A4,Technical disaster,Adverse event with one or more direct human causes,PA01,Unintentional land transport traffic event injuring the user of a pedestrian conveyance,unintentional land transport traffic event injuring the user of a pedestrian conveyance,,unintentional road crash injuring the user of a pedestrian conveyance,1,0.5513909459114075,ERC-Broader
A41,Technical disaster,Manmade disaster caused by structural failure in building,XE87S,"Uncontrolled fire, flame in building or structure","uncontrolled fire, flame in building or structure",,,1,0.5432479977607727,ERC-Broader
A42,Technical disaster,Manmade disaster caused by gas leakage,XE0RV,Gas leak,gas leak,problem associated with the unintended escape of a gas from the container in which it is housed.,,1,0.7160418629646301,ERC-Narrower
A43,Technical disaster,Manmade disaster caused by water leakage,PA41.0,"Unintentional water transport injury event with water vessel damaged, disabled or destroyed, causing submersion or drowning","unintentional water transport injury event with water vessel damaged, disabled or destroyed, causing submersion or drowning",,Accident to watercraft causing drowning and submersion; drowning and submersion due to boat sinking,1,0.5379989147186279,ERC-Broader
A44,Technical disaster,Manmade disaster caused by electric current passing through the human body,XE739,Unintended electrical shock,unintended electrical shock,the device delivers unintended electrical shock.,,1,0.6735579371452332,ERC-Narrower
A45,Technical disaster,"Manmade disaster caused by the release of large amounts of energy in the form of temperature, pressure or kinetic energy",XE5EZ,Explosion,explosion,"problem associated with the violent bursting due to the sudden expansion of air, gas or fluid.",,1,0.7013781666755676,ERC-Narrower
A46,Technical disaster,"Manmade disaster caused by fire, usually accompanied by the emisssion of heat and light",XE87S,"Uncontrolled fire, flame in building or structure","uncontrolled fire, flame in building or structure",,,1,0.6942875981330872,ERC-Narrower
A47,Technical disaster,"Manmade disaster involving smoke, usually caused by combustion",XE5H5,Smoke,smoke,"problem associated with a cloud of vapor or gas generated from the device, generally associated after a fire or a burn.",,1,0.7375306487083435,Equivalent
A48,Technical disaster,Manmade disaster involving collapsing of ice,PJ05,"Victim of avalanche, landslide or other earth movements","victim of avalanche, landslide or other earth movements",,,1,0.4731370806694031,Related to
A5,External violence,"Physical and eventually verbal violence against humans, endangering their health, safety and well-being",QE82.0,Personal history of physical abuse,personal history of physical abuse,"personal history of non-accidental acts of physical force that result, or have reasonable potential to result, in physical harm or that evoke significant fear. this category is applied to the victim of the maltreatment, not the perpetrator.",Personal history of physical maltreatment,1,0.5564196109771729,ERC-Broader
A51,External violence,Improper and often violent treatment of a human,QE82.0,Personal history of physical abuse,personal history of physical abuse,"personal history of non-accidental acts of physical force that result, or have reasonable potential to result, in physical harm or that evoke significant fear. this category is applied to the victim of the maltreatment, not the perpetrator.",Personal history of physical maltreatment,1,0.6627464294433594,ERC-Narrower
A52,External violence,Violent taking away of other people's property,PJ45,Legal intervention involving explosive,legal intervention involving explosive,,,1,0.5273318886756897,ERC-Broader
A53,External violence,Threat with device filled with explosive material,PJ45,Legal intervention involving explosive,legal intervention involving explosive,,,1,0.7161198258399963,ERC-Narrower
A54,External violence,Sudden mass assault against people with the intention of killing them,PF15.1,Assault by explosion or rupture of materials or object,assault by explosion or rupture of materials or object,,,1,0.4554750621318817,Related to
A55,External violence,Capture of one or multiple humans and holding them as prisoners while usually making demands,XE0RZ,"Type of legal intervention, handling, transporting, or custody of prisoner","type of legal intervention, handling, transporting, or custody of prisoner",,,1,0.5425194501876831,ERC-Broader
A56,External violence,A large group of people engaging in disorderly and violent behaviour,ICD-11 block title,Other explosions or fragments during armed conflict,other explosions or fragments during armed conflict,,war operations involving other explosions and fragments; struck by fragments or blast from conventional explosive weapon during armed conflict,1,0.574614405632019,ERC-Broader
A57,External violence,Violent acts by hazardous substances,PF15.0,Assault by exposure to chemical explosion,assault by exposure to chemical explosion,,,1,0.6493620276451111,ERC-Narrower
A58,External violence,Deliberate setting of fire to property,PC81,Intentional self-harm by exposure to uncontrolled fire,intentional self-harm by exposure to uncontrolled fire,,,1,0.6418815851211548,ERC-Narrower
B11,Pedestrian,"Person travelling on foot, whether standing, walking, or running",XE88K,Pedestrian as mode of transport of person injured in transport event,pedestrian as mode of transport of person injured in transport event,a pedestrian is any person involved in a transport crash who was not in or on a vehicle or pedestrian conveyance at the time.,,1,0.6399682760238647,ERC-Narrower
B111,Pedestrian,"Pedestrian using a device designed to assist standing, walking, or running",XE88K,Pedestrian as mode of transport of person injured in transport event,pedestrian as mode of transport of person injured in transport event,a pedestrian is any person involved in a transport crash who was not in or on a vehicle or pedestrian conveyance at the time.,,1,0.5921858549118042,ERC-Broader
B112,Pedestrian,Pedestrian not using mobility aids,XE88K,Pedestrian as mode of transport of person injured in transport event,pedestrian as mode of transport of person injured in transport event,a pedestrian is any person involved in a transport crash who was not in or on a vehicle or pedestrian conveyance at the time.,,1,0.5832779407501221,ERC-Broader
B12,Human-powered land transport,Transport device that is powered by human muscles,XE3NU,Pedestrian conveyance as counterpart in land transport crash,pedestrian conveyance as counterpart in land transport crash,"a device which is designed primarily for, or being used at the time primarily for, conveying the person and is not a transport vehicle.",powered pedestrian conveyances,1,0.6038519740104675,ERC-Narrower
B121,Human-powered land transport,"Transport device with one or more wheels, usually with seat(s) and/or steering aid",XE3NU,Pedestrian conveyance as counterpart in land transport crash,pedestrian conveyance as counterpart in land transport crash,"a device which is designed primarily for, or being used at the time primarily for, conveying the person and is not a transport vehicle.",powered pedestrian conveyances,1,0.6626608967781067,ERC-Narrower
B122,Human-powered land transport,Transport device that is attached under humans' feet,XE3NU,Pedestrian conveyance as counterpart in land transport crash,pedestrian conveyance as counterpart in land transport crash,"a device which is designed primarily for, or being used at the time primarily for, conveying the person and is not a transport vehicle.",powered pedestrian conveyances,1,0.6710987687110901,ERC-Narrower
B13,Animal-powered land transport,Human transport using an animal-drawn vehicle or riding an animal,XE5WB,Low-powered passenger vehicle as mode of transport of person injured in transport event,low-powered passenger vehicle as mode of transport of person injured in transport event,"(1) a land transport motor vehicle with three wheels (usually one in front and two behind), designed primarily for on-road use. globally, most commonly used as taxis. design, construction, type of motor and registration/licensing requirements vary widely. (2) a low-powered quadricycle or other low-powered four-wheeled passenger vehicle that is not a car.",Three wheeler as mode of transport of person injured in transport related event,1,0.5546031594276428,ERC-Broader
B131,Animal-powered land transport,Human transport by riding an animal,XE5U7,Hovercraft operating on land or swamp as mode of transport of person injured in transport related event,hovercraft operating on land or swamp as mode of transport of person injured in transport related event,,,1,0.5521647930145264,ERC-Broader
B132,Animal-powered land transport,Human transport in an animal-drawn vehicle,XE5WB,Low-powered passenger vehicle as mode of transport of person injured in transport event,low-powered passenger vehicle as mode of transport of person injured in transport event,"(1) a land transport motor vehicle with three wheels (usually one in front and two behind), designed primarily for on-road use. globally, most commonly used as taxis. design, construction, type of motor and registration/licensing requirements vary widely. (2) a low-powered quadricycle or other low-powered four-wheeled passenger vehicle that is not a car.",Three wheeler as mode of transport of person injured in transport related event,1,0.565324068069458,ERC-Broader
B14,Engined cycle,Motorized vehicle without cabin,XE85A,Wheeled motor sports,wheeled motor sports,,,1,0.5199993848800659,ERC-Broader
B141,Engined cycle,"Two-, three-, or four-wheeled engined cycle transporting sitting persons without a sidecar",XE7NK,Motorcycle as mode of transport of person injured in transport related event,motorcycle as mode of transport of person injured in transport related event,"a motorcycle is a land transport motor vehicle with one or two riding saddles, usually with two-wheels in-line. a sidecar or trailer is considered part of the motorcycle.",Includes vehicles with one wheel at the rear and two closely-spaced steerable wheels at the front and motorised tricycles (one wheel at the front) if registered as motor-cycles,1,0.7645655274391174,Equivalent
B142,Engined cycle,Engined cycle with a sidecar,XE94Q,Pedal cycle,pedal cycle,,,1,0.5463868379592896,ERC-Broader
B143,Engined cycle,Electrically powered device to transport standing or sitting persons,XE7NK,Motorcycle as mode of transport of person injured in transport related event,motorcycle as mode of transport of person injured in transport related event,"a motorcycle is a land transport motor vehicle with one or two riding saddles, usually with two-wheels in-line. a sidecar or trailer is considered part of the motorcycle.",Includes vehicles with one wheel at the rear and two closely-spaced steerable wheels at the front and motorised tricycles (one wheel at the front) if registered as motor-cycles,1,0.5998654365539551,ERC-Broader
B15,Passenger vehicle,Motor vehicle for the carriage of passengers in cabins on roads,XE50Z,Passenger car,passenger car,,,1,0.7137906551361084,ERC-Narrower
B151,Passenger vehicle,Three-wheeler with closed cabin,XE50Z,Passenger car,passenger car,,,1,0.5466967225074768,ERC-Broader
B152,Passenger vehicle,Passenger vehicle with a minimum of four wheels for seated passengers and with up to 5 seats (including the driver),XE50Z,Passenger car,passenger car,,,1,0.7241406440734863,Equivalent
B153,Passenger vehicle,Passenger vehicle with a minimum of four wheels for seated passengers (6 to 21 seats including the driver),XE6DC,Minibus,minibus,,,1,0.7261716723442078,Equivalent
B154,Passenger vehicle,Passenger vehicle with a minimum of four wheels for standing passengers (additional seats allowed),XE50Z,Passenger car,passenger car,,,1,0.6044137477874756,ERC-Narrower
B155,Passenger vehicle,Passenger vehicle with a minimum of four wheels for seated passengers with at least 22 seat and no standing area,XE50Z,Passenger car,passenger car,,,1,0.6521407961845398,ERC-Narrower
B16,Freight vehicle,Motor vehicle for the carriage of goods,XE854,Heavy goods vehicle as counterpart in land transport crash,heavy goods vehicle as counterpart in land transport crash,"a heavy goods vehicle is a motor vehicle designed primarily for carrying property on roads, meeting local criteria for classification as a heavy goods vehicle in terms of curbside weight (usually above 3500 kg), and usually requiring a special driver's licence.",lorry; truck with trailer; road tractor; prime mover; fire brigade pump vehicle,1,0.6434822678565979,ERC-Narrower
B161,Freight vehicle,"Freight vehicle with a maximum mass not exceeding 3,5 t",XE854,Heavy goods vehicle as counterpart in land transport crash,heavy goods vehicle as counterpart in land transport crash,"a heavy goods vehicle is a motor vehicle designed primarily for carrying property on roads, meeting local criteria for classification as a heavy goods vehicle in terms of curbside weight (usually above 3500 kg), and usually requiring a special driver's licence.",lorry; truck with trailer; road tractor; prime mover; fire brigade pump vehicle,1,0.6057831048965454,ERC-Narrower
B162,Freight vehicle,"Freight vehicle with a maximum mass exceeding 3,5 t but not exceeding 12 t",XE381,Certain specified mobile machinery or special purpose vehicle,certain specified mobile machinery or special purpose vehicle,,,1,0.5793274641036987,ERC-Broader
B163,Freight vehicle,Freight vehicle with a maximum mass exceeding 12 t,XE854,Heavy goods vehicle as counterpart in land transport crash,heavy goods vehicle as counterpart in land transport crash,"a heavy goods vehicle is a motor vehicle designed primarily for carrying property on roads, meeting local criteria for classification as a heavy goods vehicle in terms of curbside weight (usually above 3500 kg), and usually requiring a special driver's licence.",lorry; truck with trailer; road tractor; prime mover; fire brigade pump vehicle,1,0.6631174683570862,ERC-Narrower
B17,Special vehicle,Specially equipped vehicle for distinct purposes,XE381,Certain specified mobile machinery or special purpose vehicle,certain specified mobile machinery or special purpose vehicle,,,1,0.7602613568305969,Equivalent
B171,Special vehicle,Special vehicle that has special traffic rights,XE885,Special vehicle mainly used on industrial premises as mode of transport of person injured in transport related event,special vehicle mainly used on industrial premises as mode of transport of person injured in transport related event,a motor vehicle designed primarily for use within the buildings and premises of industrial or commercial establishments.,special vehicle used in industry as mode of transport of person injured in transport related event,1,0.67500239610672,ERC-Narrower
B172,Special vehicle,Special vehicle for agricultur,XE35C,Special vehicle mainly used in agriculture as mode of transport of person injured in transport related event,special vehicle mainly used in agriculture as mode of transport of person injured in transport related event,"a motor vehicle designed specifically for use in farming and agriculture (horticulture), for example to work the land, tend and harvest crops and transport materials on the farm.",,1,0.8280096054077148,Equivalent
B173,Special vehicle,Special vehicle for construction,XE1GE,Mobile machinery or special purpose vehicle mainly used in construction,mobile machinery or special purpose vehicle mainly used in construction,,,1,0.7897791862487793,Equivalent
B174,Special vehicle,Special vehicle for military,XE6R9,Special all-terrain vehicle or off-road vehicle,special all-terrain vehicle or off-road vehicle,,,1,0.7205742001533508,Equivalent
B175,Special vehicle,Special vehicle for one or multiple terrains,XE6R9,Special all-terrain vehicle or off-road vehicle,special all-terrain vehicle or off-road vehicle,,,1,0.7839473485946655,Equivalent
B18,Railway,Transport device with carry-on engine rolling on metal rails,XE6DQ,Railway vehicle as counterpart in land transport crash,railway vehicle as counterpart in land transport crash,"a vehicle, or a coupled set of vehicles (a train), designed for traffic on a railway.",,1,0.6238378882408142,ERC-Narrower
B181,Railway,Railway for standing persons (seats optional),XE1KN,Railway train as mode of transport of person injured in transport related event,railway train as mode of transport of person injured in transport related event,,,1,0.5077524185180664,ERC-Broader
B182,Railway,Railway for sitting persons without particular standing areas,XE1KN,Railway train as mode of transport of person injured in transport related event,railway train as mode of transport of person injured in transport related event,,,1,0.5631115436553955,ERC-Broader
B183,Railway,Railway for goods,XE6DQ,Railway vehicle as counterpart in land transport crash,railway vehicle as counterpart in land transport crash,"a vehicle, or a coupled set of vehicles (a train), designed for traffic on a railway.",,1,0.5755717158317566,ERC-Broader
B19,Cableway,Transport device that runs with cables that are powered by external devices.,XE3NU,Pedestrian conveyance as counterpart in land transport crash,pedestrian conveyance as counterpart in land transport crash,"a device which is designed primarily for, or being used at the time primarily for, conveying the person and is not a transport vehicle.",powered pedestrian conveyances,1,0.5008264780044556,ERC-Broader
B191,Cableway,Cableway that rolls on metal rails and is pulled by cables.,XE8KJ,"Cable car, ski chair lift, ski lift with gondola","cable car, ski chair lift, ski lift with gondola",,,1,0.5784973502159119,ERC-Broader
B192,Cableway,Cableway with cabines that hang on cables.,XE8KJ,"Cable car, ski chair lift, ski lift with gondola","cable car, ski chair lift, ski lift with gondola",,,1,0.635067880153656,ERC-Narrower
B193,Cableway,"Cableway without cabins that hangs on cables, containing seats.",XE8KJ,"Cable car, ski chair lift, ski lift with gondola","cable car, ski chair lift, ski lift with gondola",,,1,0.6661078333854675,ERC-Narrower
B21,Underground passenger vehicle,underground rail-based vehicles used for passenger transportation,XE6DQ,Railway vehicle as counterpart in land transport crash,railway vehicle as counterpart in land transport crash,"a vehicle, or a coupled set of vehicles (a train), designed for traffic on a railway.",,1,0.6179792284965515,ERC-Narrower
B211,Underground passenger vehicle,Underground light rail vehicle used for transportation,XE40X,"Streetcar, tram, electric car, car trolley","streetcar, tram, electric car, car trolley",,,1,0.6096406579017639,ERC-Narrower
B212,Underground passenger vehicle,Underground railway system used to transport large numbers of passengers within urban and suburban areas,XE40X,"Streetcar, tram, electric car, car trolley","streetcar, tram, electric car, car trolley",,,1,0.5809003114700317,ERC-Broader
B22,Underground mining vehicle,Specialized vehicles used in underground mining operations,XE1GE,Mobile machinery or special purpose vehicle mainly used in construction,mobile machinery or special purpose vehicle mainly used in construction,,,1,0.6770927906036377,ERC-Narrower
B221,Underground mining vehicle,"Underground rail truck specifically designed for transporting ore, materials, and equipment",XE1BG,"Tram, truck, or tub in mine or quarry","tram, truck, or tub in mine or quarry",,,1,0.7050033807754517,ERC-Narrower
B222,Underground mining vehicle,"Large, rugged trucks designed to transport ore and other materials within underground mines",XE1BG,"Tram, truck, or tub in mine or quarry","tram, truck, or tub in mine or quarry",,,1,0.6406376957893372,ERC-Narrower
B31,Gliding air transport,Motorless aircraft which passively generates lift through air currents in order to counteract the vertical fall.,XE6FD,Military fixed-wing powered aircraft,military fixed-wing powered aircraft,,,1,0.515845537185669,ERC-Broader
B311,Gliding air transport,Gliding device used to reduce the fall speed of the attached person. Takeoff usually occurs from another aircraft.,XE33H,Glider as mode of transport of person injured in transport related event,glider as mode of transport of person injured in transport related event,,,1,0.596457302570343,ERC-Broader
B312,Gliding air transport,Gliding device to which people are attached to. Takeoff is usually by human power from an elevated level.,XE3VU,Hang-glider,hang-glider,,,1,0.6472916603088379,ERC-Narrower
B313,Gliding air transport,Gliding device that climbs with the help of air currents. Takeoff is done by other technical devices that accelerate it.,XE2KU,Glider,glider,,,1,0.6053383350372314,ERC-Narrower
B32,Floating air transport,Aircraft using gas with lower density than the atmospheric air to generate static lift. The lifting gas is enclosed by an envelope which is connected to the payload.,XE0VS,Spacecraft as mode of transport of person injured in transport related event,spacecraft as mode of transport of person injured in transport related event,"device designed for transporting passengers or goods to, from and in places with very low atmospheric pressure.",,1,0.4367000162601471,Related to
B321,Floating air transport,Lifting gas is atmospheric hot air or steam,ICD-11 block title,"Gas, fumes or vapour","gas, fumes or vapour",,gas; fumes; vapour; vapor; air contaminant; lung irritant gas; industrial fumes,1,0.4994935691356659,Related to
B322,Floating air transport,Lifting gas is hydrogen,XE0RV,Gas leak,gas leak,problem associated with the unintended escape of a gas from the container in which it is housed.,,1,0.4373760223388672,Related to
B323,Floating air transport,Lifting gas is helium,XE0RV,Gas leak,gas leak,problem associated with the unintended escape of a gas from the container in which it is housed.,,1,0.40740710496902466,Related to
B324,Floating air transport,Lifting gas is a mixture of helium and hydrogen,XE0RV,Gas leak,gas leak,problem associated with the unintended escape of a gas from the container in which it is housed.,,1,0.4777238070964813,Related to
B33,General aviation,Civil aviation except commercial airliners. Motorized fixed-wing aircraft.,XE6FD,Military fixed-wing powered aircraft,military fixed-wing powered aircraft,,,1,0.5026857256889343,ERC-Broader
B331,General aviation,"Aircraft being operated by a crew of 1-2, transporting up to 6 passengers and weighing up to 5700kg.",XE6FD,Military fixed-wing powered aircraft,military fixed-wing powered aircraft,,,1,0.5395177602767944,ERC-Broader
B332,General aviation,"Aircraft being operated by a crew of 2, transporting up to 9 passengers and weighing up to 12000kg.",XE6FD,Military fixed-wing powered aircraft,military fixed-wing powered aircraft,,,1,0.5538068413734436,ERC-Broader
B333,General aviation,"Aircraft being operated by a crew of 2 or more, transporting up to 18 passengers and weighing up to 45000kg.",XE6FD,Military fixed-wing powered aircraft,military fixed-wing powered aircraft,,,1,0.4704330265522003,Related to
B34,Airliner,Commercial civil air transport.,XE5JN,"Economic activity, transport, storage, or communications","economic activity, transport, storage, or communications",,,1,0.5320108532905579,ERC-Broader
B341,Airliner,Light airplane with passenger capacity of up to 19 passengers.,XE50Z,Passenger car,passenger car,,,1,0.48061737418174744,Related to
B342,Airliner,Aircraft with passenger capacitiy of less than 100 passengers.,XE50Z,Passenger car,passenger car,,,1,0.4222201406955719,Related to
B343,Airliner,Aircraft with one aisle with passenger capacities of 100-240.,XE1LZ,Vehicle passenger injured in transport related event,vehicle passenger injured in transport related event,"a passenger is any occupant of a transport vehicle, other than the driver, in a position designed for the carriage of people.",Occupants of seats other than the driver's seat,1,0.4388193190097809,Related to
B344,Airliner,Aircraft with two aisles with passenger capacities of 200-850 passengers.,XE1LZ,Vehicle passenger injured in transport related event,vehicle passenger injured in transport related event,"a passenger is any occupant of a transport vehicle, other than the driver, in a position designed for the carriage of people.",Occupants of seats other than the driver's seat,1,0.45176777243614197,Related to
B35,Rotorcraft,Aircraft that generates lift and/or propulsion by rotating wings.,XE4LN,Helicopter,helicopter,,,1,0.5464277863502502,ERC-Broader
B351,Rotorcraft,"Main rotor not driven by an engine, but passively by airflow, generating lift. Propulsion is generated by a traction or thrust motor. Vertical take-off and landing as well as hovering are not possible.",XE4LN,Helicopter,helicopter,,,1,0.49079659581184387,Related to
B352,Rotorcraft,Rotor is driven by a motor. Vertical take-off and landing possible. Propulsion is additionally generated by a propeller or jet engine. Possibly lift is supported by rigid wings.,XE4LN,Helicopter,helicopter,,,1,0.5534895062446594,ERC-Broader
B353,Rotorcraft,Rotor/s are driven by a motor and provide lift as well as propulsion.,XE4LN,Helicopter,helicopter,,,1,0.6067423820495605,ERC-Narrower
B36,Special aircraft,Specially equipped aircraft for distinct purposes,XE6FD,Military fixed-wing powered aircraft,military fixed-wing powered aircraft,,,1,0.5783563852310181,ERC-Broader
B361,Special aircraft,Special aircraft for emergency response,XE48X,Helicopter as mode of transport of person injured in transport related event,helicopter as mode of transport of person injured in transport related event,,,1,0.5375497937202454,ERC-Broader
B362,Special aircraft,Special aircraft for science,XE6FD,Military fixed-wing powered aircraft,military fixed-wing powered aircraft,,,1,0.5577715635299683,ERC-Broader
B363,Special aircraft,Special aircraft for military,XE6FD,Military fixed-wing powered aircraft,military fixed-wing powered aircraft,,,1,0.7306896448135376,Equivalent
B364,Special aircraft,Special aircraft for cargo transport,ICD-11 block title,Mobile machinery or special purpose vehicle,mobile machinery or special purpose vehicle,,,1,0.5619258284568787,ERC-Broader
B41,Rocket,Launch vehicle used to lift payloads from Earth into space,XE0VS,Spacecraft as mode of transport of person injured in transport related event,spacecraft as mode of transport of person injured in transport related event,"device designed for transporting passengers or goods to, from and in places with very low atmospheric pressure.",,1,0.447970986366272,Related to
B411,Rocket,Rocket used only once,XE87S,"Uncontrolled fire, flame in building or structure",fire,problem associated with the combustion of the device with a steady flame.,,1,0.34458550810813904,Related to
B412,Rocket,Rocket which can land and used again,XE6FD,Military fixed-wing powered aircraft,military fixed-wing powered aircraft,,,1,0.36780059337615967,Related to
B42,Spacecraft,"Space vehicle for operation in space, including crewed and uncrewed, cargo transport, and satellites",XE346,Spacecraft,spacecraft,,,1,0.6478793025016785,ERC-Narrower
B421,Spacecraft,Spacecraft used to transport humans in space,XE0VS,Spacecraft as mode of transport of person injured in transport related event,spacecraft as mode of transport of person injured in transport related event,"device designed for transporting passengers or goods to, from and in places with very low atmospheric pressure.",,1,0.7109684348106384,ERC-Narrower
B422,Spacecraft,Spacecraft used to transport goods in space,XE0VS,Spacecraft as mode of transport of person injured in transport related event,spacecraft as mode of transport of person injured in transport related event,"device designed for transporting passengers or goods to, from and in places with very low atmospheric pressure.",,1,0.66595458984375,ERC-Narrower
B423,Spacecraft,"Satellite designed for specific purposes, such as weather, navigation, observation, or communication, operating in Earth orbit",XE0VS,Spacecraft as mode of transport of person injured in transport related event,spacecraft as mode of transport of person injured in transport related event,"device designed for transporting passengers or goods to, from and in places with very low atmospheric pressure.",,1,0.5104015469551086,ERC-Broader
B43,Space habitat,Space vehicle support long-term human presence in space,XE0VS,Spacecraft as mode of transport of person injured in transport related event,spacecraft as mode of transport of person injured in transport related event,"device designed for transporting passengers or goods to, from and in places with very low atmospheric pressure.",,1,0.4826449751853943,Related to
B431,Space habitat,"Space habitat orbit Earth and serve as platforms for research, crew rotation, and short-term habitation",XE346,Spacecraft,spacecraft,,,1,0.4443059265613556,Related to
B432,Space habitat,Space habitat designed for extended missions beyond Earth,XE346,Spacecraft,spacecraft,,,1,0.5232002139091492,ERC-Broader
B51,Swimmer/diver,Person partially or fully submerged in water.,XE5UC,"type of sport/exercise activity, diving - unspecified","type of sport/exercise activity, diving - unspecified",,,1,0.6034770607948303,ERC-Narrower
B511,Swimmer/diver,Person using equipment that assists with swimming or diving.,XE5UC,"type of sport/exercise activity, diving - unspecified","type of sport/exercise activity, diving - unspecified",,,1,0.7047210335731506,ERC-Narrower
B512,Swimmer/diver,Person without equipment.,XE5UC,"type of sport/exercise activity, diving - unspecified","type of sport/exercise activity, diving - unspecified",,,1,0.6235866546630859,ERC-Narrower
B52,Human-powered watertransport,Watercraft that is powered by human muscles.,XE92F,"Type of sport or exercise activity, water tubing","type of sport or exercise activity, water tubing",,,1,0.5668614506721497,ERC-Broader
B521,Human-powered watertransport,Watercraft that is propelled forward using oars or paddles.,PA40.0,"Unintentional water transport injury event with water vessel not damaged, disabled or destroyed, causing submersion or drowning","unintentional water transport injury event with water vessel not damaged, disabled or destroyed, causing submersion or drowning",,water-transport-related drowning and submersion without accident to watercraft,1,0.47490182518959045,Related to
B522,Human-powered watertransport,Watercraft that is operated by using pedals.,XE94Q,Pedal cycle,pedal cycle,,,1,0.531592607498169,ERC-Broader
B53,Windpowered watertransport,Watercraft that is propelled forward by using wind.,XE4UQ,Submarine or related craft,submarine or related craft,,,1,0.5011494159698486,ERC-Broader
B531,Windpowered watertransport,Watercraft that uses one or multiple sails as its primary propelling system.,XE85T,Boating sports,boating sports,,,1,0.5144261717796326,ERC-Broader
B532,Windpowered watertransport,Watercraft that uses a kite as its primary propelling system.,XE3VU,Hang-glider,hang-glider,,,1,0.4681544303894043,Related to
B533,Windpowered watertransport,Watercraft that uses a windmill that is mechanically or electrically connected to a propeller.,XE0M8,Mobile machinery or special purpose vehicle mainly used in industry,mobile machinery or special purpose vehicle mainly used in industry,,,1,0.4085776209831238,Related to
B54,Engined watercraft,Watercraft that is powered by one or several motors.,XE4UQ,Submarine or related craft,submarine or related craft,,,1,0.521116316318512,ERC-Broader
B541,Engined watercraft,"Watercraft with a maximal overall length not exceeding 16 feet (4,9 m).",XE85T,Boating sports,boating sports,,,1,0.49095672369003296,Related to
B542,Engined watercraft,"Watercraft with a maximal overall length exceeding 16 feet (4,9m) but not exceeding 65 feet (19,8m).",XE85T,Boating sports,boating sports,,,1,0.48707783222198486,Related to
B543,Engined watercraft,"Watercraft with a maximal overall length exceeding 65 feet (19,8m).",PA40.0,"Unintentional water transport injury event with water vessel not damaged, disabled or destroyed, causing submersion or drowning","unintentional water transport injury event with water vessel not damaged, disabled or destroyed, causing submersion or drowning",,water-transport-related drowning and submersion without accident to watercraft,1,0.5071704983711243,ERC-Broader
B55,Long distance passengership,Watercraft that is used for long distance passenger transport and has the main purpose of hosting and entertaining tourists.,XE69F,Ferry used for short trips across closed waters,ferry used for short trips across closed waters,,Ferry used for short trips across small lakes; Ferry used for short trips across minor rivers,1,0.4878078103065491,Related to
B551,Long distance passengership,Passenger ship with a maximum passenger capacity of 1000.,XE5LJ,Bus or coach as counterpart in land transport crash,bus or coach as counterpart in land transport crash,a passenger motor vehicle designed to carry 10 or more persons (including the driver). buses may be designed to accommodate standing passengers and/or seated passengers.,,1,0.5080732703208923,ERC-Broader
B552,Long distance passengership,Passenger ship with a maximum passenger capacity of 3000.,XE5LJ,Bus or coach as counterpart in land transport crash,bus or coach as counterpart in land transport crash,a passenger motor vehicle designed to carry 10 or more persons (including the driver). buses may be designed to accommodate standing passengers and/or seated passengers.,,1,0.4680965840816498,Related to
B553,Long distance passengership,Passenger ship with a maximum passenger capacity of 7000.,XE5LJ,Bus or coach as counterpart in land transport crash,bus or coach as counterpart in land transport crash,a passenger motor vehicle designed to carry 10 or more persons (including the driver). buses may be designed to accommodate standing passengers and/or seated passengers.,,1,0.47130993008613586,Related to
B56,Ferry,Watercraft that is used for short distance passenger transport with the main purpose of transporting people and vehicles.,XE69F,Ferry used for short trips across closed waters,ferry used for short trips across closed waters,,Ferry used for short trips across small lakes; Ferry used for short trips across minor rivers,1,0.7436781525611877,Equivalent
B561,Ferry,Ferry with a maximum passenger capacity of 500.,XE69F,Ferry used for short trips across closed waters,ferry used for short trips across closed waters,,Ferry used for short trips across small lakes; Ferry used for short trips across minor rivers,1,0.6818898916244507,ERC-Narrower
B562,Ferry,Ferry with a maximum passenger capacity of 2000.,XE69F,Ferry used for short trips across closed waters,ferry used for short trips across closed waters,,Ferry used for short trips across small lakes; Ferry used for short trips across minor rivers,1,0.6451898217201233,ERC-Narrower
B563,Ferry,Ferry with a maximum passenger capacity of 3500.,XE69F,Ferry used for short trips across closed waters,ferry used for short trips across closed waters,,Ferry used for short trips across small lakes; Ferry used for short trips across minor rivers,1,0.6424808502197266,ERC-Narrower
B57,Special watercraft,Specially equipped watercraft for distinct purposes.,XE4UQ,Submarine or related craft,submarine or related craft,,,1,0.6158413290977478,ERC-Narrower
B571,Special watercraft,Special watercraft used to rescue ships or people in distress.,XE4UQ,Submarine or related craft,submarine or related craft,,,1,0.6591964364051819,ERC-Narrower
B572,Special watercraft,Special watercraft for science.,XE4UQ,Submarine or related craft,submarine or related craft,,,1,0.5522897243499756,ERC-Broader
B573,Special watercraft,Special watercraft for military.,XE4UQ,Submarine or related craft,submarine or related craft,,,1,0.6528735756874084,ERC-Narrower
B574,Special watercraft,Special watercraft for fishing.,XE85T,Boating sports,boating sports,,,1,0.5990918278694153,ERC-Broader
B575,Special watercraft,Special watercraft for the support of other ships and operations on water.,XE4UQ,Submarine or related craft,submarine or related craft,,,1,0.6064664125442505,ERC-Narrower
B576,Special watercraft,Special watercraft for the transportation of goods.,ICD-11 block title,Mobile machinery or special purpose vehicle,mobile machinery or special purpose vehicle,,,1,0.5904027819633484,ERC-Broader
B61,Diver assisted device,Underwater devices that directly augment a diver's capabilities,XE5UC,"type of sport/exercise activity, diving - unspecified","type of sport/exercise activity, diving - unspecified",,,1,0.621677815914154,ERC-Narrower
B611,Diver assisted device,Handheld or rider-operated devices that increase a diver's speed and range underwater,XE5UC,"type of sport/exercise activity, diving - unspecified","type of sport/exercise activity, diving - unspecified",,,1,0.5733882784843445,ERC-Broader
B612,Diver assisted device,Wearable robotic systems that enhance a diver's strength and dexterity,XE5UC,"type of sport/exercise activity, diving - unspecified","type of sport/exercise activity, diving - unspecified",,,1,0.5505785942077637,ERC-Broader
B62,Underwater vehicle,Type of transport designed to operate beneath the surface of water,XE4UQ,Submarine or related craft,submarine or related craft,,,1,0.6519672870635986,ERC-Narrower
B621,Underwater vehicle,"Smaller, specialized underwater vehicles designed for specific tasks like deep-sea research or tourism",XE4UQ,Submarine or related craft,submarine or related craft,,,1,0.6645627021789551,ERC-Narrower
B622,Underwater vehicle,"Large, self-contained vessels designed for extended underwater missions, capable of long-range travel",XE4UQ,Submarine or related craft,submarine or related craft,,,1,0.750730037689209,Equivalent
B623,Underwater vehicle,Tethered underwater vehicles controlled from a surface vessel,XE4UQ,Submarine or related craft,submarine or related craft,,,1,0.5136488676071167,ERC-Broader
C111,Residential area,Outdoor area used for daily living activities.,XE1M5,"Part of building or grounds, living room","part of building or grounds, living room",,,1,0.774142861366272,Equivalent
C1111,Residential area,Adjoining structure attached to a building with no specified use.,XE8RZ,"Part of building or grounds, bedroom","part of building or grounds, bedroom",,,1,0.7437202334403992,Equivalent
C1112,Residential area,Part located at the top boundary of a building.,XE4U5,"Part of building or grounds, balcony","part of building or grounds, balcony",,,1,0.6974833011627197,ERC-Narrower
C1113,Residential area,"Frequently used section connecting roads and structures used by cars (e.g. car park, garage).",XE65J,"Part of building or grounds, driveway","part of building or grounds, driveway",,"Part of building or grounds, laneway",1,0.7555952072143555,Equivalent
C1114,Residential area,"Human-controlled green space used for recreational activities, relaxation and other purposes.",XE7GY,"Recreational area, cultural area, or public building","recreational area, cultural area, or public building",,,1,0.6614355444908142,ERC-Narrower
C1115,Residential area,Area used for sports and/or entertainment involving physical activity.,ICD-11 block title,"Sports, recreation or leisure activity","sports, recreation or leisure activity",,"sports or leisure activities whether undertaken for pleasure, fitness or adventure",1,0.6304317712783813,ERC-Narrower
C1116,Residential area,Artificial structure filled with water used for swimming.,XE7GY,"Recreational area, cultural area, or public building","recreational area, cultural area, or public building",,,1,0.5274822115898132,ERC-Broader
C1117,Residential area,Large flat expanse that can be used for various purposes.,XE1M5,"Part of building or grounds, living room","part of building or grounds, living room",,,1,0.6518683433532715,ERC-Narrower
C112,Mobility area,Area used for mobility and transport.,XE0M8,Mobile machinery or special purpose vehicle mainly used in industry,mobile machinery or special purpose vehicle mainly used in industry,,,1,0.5368654727935791,ERC-Broader
C1121,Mobility area,Linear structure on which rail vehicles move.,XE6DQ,Railway vehicle as counterpart in land transport crash,railway vehicle as counterpart in land transport crash,"a vehicle, or a coupled set of vehicles (a train), designed for traffic on a railway.",,1,0.614760160446167,ERC-Narrower
C1122,Mobility area,Path that is used primarily on foot. Pavement can range from asphalt to lack of vegetation due to frequent use.,XE65J,"Part of building or grounds, driveway","part of building or grounds, driveway",,"Part of building or grounds, laneway",1,0.48587387800216675,Related to
C1123,Mobility area,Maximum speed of 30km/h (approx. 19mph),XE2W4,Car as mode of transport of person injured in transport related event,car as mode of transport of person injured in transport related event,"a land transport motor vehicle designed primarily to seat no more than 9 persons, including the driver, designed primarily for on-road use or so as to be registrable for on-road use. a trailer or caravan being towed by a car is considered a part of the car. usually has four wheels.",Passenger car as mode of transport of person injured in transport related event,1,0.4314674139022827,Related to
C1124,Mobility area,Maximum speed of 80km/h (approx. 50mph),ICD-11 block title,Mobile machinery or special purpose vehicle,mobile machinery or special purpose vehicle,,,1,0.49223965406417847,Related to
C1125,Mobility area,Speed above 80km/h (approx. 50mph),XE381,Certain specified mobile machinery or special purpose vehicle,certain specified mobile machinery or special purpose vehicle,,,1,0.4708208739757538,Related to
C113,Economical area,Area used for economy.,XE45Q,"Economic activity, mining, quarrying, or extraction","economic activity, mining, quarrying, or extraction",,,1,0.5505375862121582,ERC-Broader
C1131,Economical area,"Area where something is being built, rebuilt or demolished.",XE0SE,"Economic activity, construction","economic activity, construction",,,1,0.6465067267417908,ERC-Narrower
C1132,Economical area,Above-ground area used for extraction of raw materials.,XE45Q,"Economic activity, mining, quarrying, or extraction","economic activity, mining, quarrying, or extraction",,,1,0.5901370048522949,ERC-Broader
C1133,Economical area,Area used for storage.,XE6ZJ,"Part of building or grounds, corridor","part of building or grounds, corridor",,,1,0.5128604769706726,ERC-Broader
C1134,Economical area,Land used for the production of organic goods.,XE45Q,"Economic activity, mining, quarrying, or extraction","economic activity, mining, quarrying, or extraction",,,1,0.5113488435745239,ERC-Broader
C1135,Economical area,Structure used to divert or retain water.,XE285,"Body of water, dam, lake","body of water, dam, lake",,,1,0.6659358739852905,ERC-Narrower
C114,Landscape area,Area with special signs of nature.,XE1M5,"Part of building or grounds, living room","part of building or grounds, living room",,,1,0.5845344066619873,ERC-Broader
C1141,Landscape area,Area with a high density of trees.,XE6AV,Forest,forest,,,1,0.5953119993209839,ERC-Broader
C1142,Landscape area,Land surrounded by water.,XE636,"Body of water, beach, seashore","body of water, beach, seashore",,,1,0.6656580567359924,ERC-Narrower
C1143,Landscape area,"Area near a body of water whose soil consists of sand, gravel/stone and/or earth.",XE636,"Body of water, beach, seashore","body of water, beach, seashore",,,1,0.6950147747993469,ERC-Narrower
C1144,Landscape area,Area predominantly covered by grass.,XE57J,"Body of water, swamp, marsh, estuary","body of water, swamp, marsh, estuary",,,1,0.5343848466873169,ERC-Broader
C1145,Landscape area,"Dry area covered with sand or stone, with sparse or absent flora and fauna and a hot climate.",XE601,Desert,desert,,,1,0.6064475774765015,ERC-Narrower
C1146,Landscape area,Landscape whose soil has high moisture.,XE5TX,Marsh or swamp,marsh or swamp,,,1,0.7436726689338684,Equivalent
C1147,Landscape area,Landscape covered with snow or ice.,XE9DF,Ice or snow sports,ice or snow sports,,,1,0.4768168330192566,Related to
C1148,Landscape area,Area whose soil is made up of different types of rock and in which major altitude gradients occur.,XE4SS,"Type of sport or exercise activity, mountain cycling","type of sport or exercise activity, mountain cycling",,"Type of sport or exercise activity, mountain bike",1,0.410656213760376,Related to
C12,Underground area,Area underneath the ground of natural or artificial origin.,XE6ZJ,"Part of building or grounds, corridor","part of building or grounds, corridor",,,1,0.5011783242225647,ERC-Broader
C121,Underground area,Cave system that is neither secured nor explored.,XE9TJ,"Body of water, man-made well, dug well for underground water","body of water, man-made well, dug well for underground water",,,1,0.4356949031352997,Related to
C122,Underground area,"Cave system that is not thoroughly secured, but has been explored.",XE6ZJ,"Part of building or grounds, corridor","part of building or grounds, corridor",,,1,0.5098557472229004,ERC-Broader
C123,Underground area,"Cave system that is fully explored, secured against collapse and contains safety features that make it safe to traverse.",XE6ZJ,"Part of building or grounds, corridor","part of building or grounds, corridor",,,1,0.3918561041355133,Related to
C124,Underground area,Cave or artificially created underground cavern filled with water.,XE9TJ,"Body of water, man-made well, dug well for underground water","body of water, man-made well, dug well for underground water",,,1,0.5804198980331421,ERC-Broader
C125,Underground area,Cavern serving the mining industry.,XE0Y1,Mine or quarry,mine or quarry,,stone quarries,1,0.6257879734039307,ERC-Narrower
C126,Underground area,Underground structure that allows passage through a mountain or under other structures such as rivers and roads.,XE6ZJ,"Part of building or grounds, corridor","part of building or grounds, corridor",,,1,0.5371091365814209,ERC-Broader
C13,Water area,Area covered by water,XE0ZP,Area of still water,area of still water,,,1,0.8162721991539001,Equivalent
C131,Water area,Directional flowing inland water,XE1CZ,"Body of water, river, stream","body of water, river, stream",,,1,0.5772882699966431,ERC-Broader
C132,Water area,Large body of water surrounded by land.,XE285,"Body of water, dam, lake","body of water, dam, lake",,,1,0.7763586044311523,Equivalent
C133,Water area,"Distance up to 1 M (1,852km) from coast",XE93X,Large area of water,large area of water,,,1,0.6304051280021667,ERC-Narrower
C134,Water area,"Distance up to 12 M (22,224km) from coast",XE93X,Large area of water,large area of water,,,1,0.6406512260437012,ERC-Narrower
C135,Water area,"Distance up to 24 M (44,448km) from coast",XE93X,Large area of water,large area of water,,,1,0.6424256563186646,ERC-Narrower
C136,Water area,"Distance up to 200 M (370,4km) from coast",XE636,"Body of water, beach, seashore","body of water, beach, seashore",,,1,0.5148232579231262,ERC-Broader
C137,Water area,"Distance of more than 200 M (370,4km) from coast",XE93X,Large area of water,large area of water,,,1,0.6885620951652527,ERC-Narrower
C14,Underwater area,Area underneath the water surface.,NF08.1,Drowning or nonfatal submersion,drowning or nonfatal submersion,,submersion; Immersion,1,0.6489200592041016,ERC-Narrower
C141,Underwater area,Depth 0m to 200m.,XE93X,Large area of water,large area of water,,,1,0.5071715712547302,ERC-Broader
C142,Underwater area,Depth more than 200m.,XE93X,Large area of water,large area of water,,,1,0.5863051414489746,ERC-Broader
C15,Air space,Area above land or water surface.,XE57J,"Body of water, swamp, marsh, estuary","body of water, swamp, marsh, estuary",,,1,0.5203410983085632,ERC-Broader
C151,Air space,Between 0m (sea level) and 7.5km.,XE93X,Large area of water,large area of water,,,1,0.3291386067867279,Related to
C152,Air space,Between 7.5km and 100km.,XA9XW3,Orbital roof,orbital roof,,,1,0.36251211166381836,Related to
C16,Space,Area with an altitude above 100km (sea level).,XE051,"Part of building or grounds, office or home office","part of building or grounds, office or home office",,,1,0.39988023042678833,Related to
C21,Residential building,A building or accommodation primarily used for daily living and personal storage by individuals or families.,XE1LE,"Residential caravan, mobile home, houseboat or motor home","residential caravan, mobile home, houseboat or motor home",,,1,0.5585859417915344,ERC-Broader
C211,Residential building,"Residential building, which has no direct connection to adjacent houses",XE9XY,Detached house,detached house,,,1,0.7651897668838501,Equivalent
C212,Residential building,"Residential building, which has a direct connection to adjacent houses",XE9P0,Terrace house or row house,terrace house or row house,,,1,0.7253450751304626,Equivalent
C213,Residential building,Building in which several households live,XE7DU,Apartment or flat,apartment or flat,,,1,0.6434193253517151,ERC-Narrower
C214,Residential building,Non-stationary residential accommodation that is capable of being independently moved or moved by another vehicle,XE1LE,"Residential caravan, mobile home, houseboat or motor home","residential caravan, mobile home, houseboat or motor home",,,1,0.7505098581314087,Equivalent
C215,Residential building,Accommodation with limited structural integrity and lack of a foundation.,XE1LE,"Residential caravan, mobile home, houseboat or motor home","residential caravan, mobile home, houseboat or motor home",,,1,0.6042311787605286,ERC-Narrower
C216,Residential building,Unoccupied building with different uses and limited structural integrity,XE543,Commercial garage,commercial garage,,,1,0.47480714321136475,Related to
C22,Commercial building,Buildings used for business activities,XE58T,Office building,office building,,,1,0.675048291683197,ERC-Narrower
C221,Commercial building,A commercial building where goods and services are sold to consumers,XE58T,Office building,office building,,,1,0.5849626064300537,ERC-Broader
C222,Commercial building,"A commercial building providing workspaces for businesses, housing offices, meeting rooms, and related facilities for professional activities",XE58T,Office building,office building,,,1,0.7502332925796509,Equivalent
C223,Commercial building,Building which provides paid lodging on a short-term basis,XE58T,Office building,office building,,,1,0.5722245573997498,ERC-Broader
C224,Commercial building,A commercial building designed specifically for food-related activities,XE4XM,"Part of building or grounds, kitchen","part of building or grounds, kitchen",,,1,0.603463351726532,ERC-Narrower
C23,Educational building,Building that is used for care and/or educational purposes,XE6TU,School or educational area,school or educational area,,,1,0.6836152672767639,ERC-Narrower
C231,Educational building,Childcare facility,XE6TU,School or educational area,school or educational area,,,1,0.6632363796234131,ERC-Narrower
C232,Educational building,Buildings for primary and secondary education,XE6TU,School or educational area,school or educational area,,,1,0.6202512979507446,ERC-Narrower
C233,Educational building,Educational institutions for adults where higher academic degrees can be obtained,XE9BK,College or university,college or university,,,1,0.5489885807037354,ERC-Broader
C24,Healthcare building,Building designed to provide medical care and support services,XE9VC,Medical service area,medical service area,,,1,0.6630749106407166,ERC-Narrower
C241,Healthcare building,Building in which patients can stay overnight while being treated medically,XE8DZ,Outpatient clinic or health centre,outpatient clinic or health centre,,,1,0.5682692527770996,ERC-Broader
C242,Healthcare building,Building in which patients get outpatient services and routine care,XE8DZ,Outpatient clinic or health centre,outpatient clinic or health centre,,,1,0.7338425517082214,Equivalent
C243,Healthcare building,"Buildings where individuals visit for routine check-ups, consultations, and non-emergency medical care",XE86F,Health professionals' office,health professionals' office,,,1,0.7902206182479858,Equivalent
C244,Healthcare building,"Buildings equipped with advanced technology to monitor and support the health and well-being of its inhabitants, particularly individuals with special needs or health concerns",XE9VC,Medical service area,medical service area,,,1,0.5704379081726074,ERC-Broader
C25,Public building,Buildings designed to serve the needs of the public and government functions,XE774,Non-cultural public building,non-cultural public building,,,1,0.7127723693847656,ERC-Narrower
C251,Public building,Buildings where local government meetings and administrative functions take place,XE7GY,"Recreational area, cultural area, or public building","recreational area, cultural area, or public building",,,1,0.6704467535018921,ERC-Narrower
C252,Public building,"Buildings where legal proceedings, trials, and judicial activities occur",XE7GY,"Recreational area, cultural area, or public building","recreational area, cultural area, or public building",,,1,0.5804992318153381,ERC-Broader
C253,Public building,Buildings where law enforcement officers are based and operate,XE774,Non-cultural public building,non-cultural public building,,,1,0.5996431708335876,ERC-Broader
C254,Public building,Buildings housing fire-fighting equipment and personnel,XE27S,"Controlled fire, flame in building or structure","controlled fire, flame in building or structure",,,1,0.5928948521614075,ERC-Broader
C255,Public building,Buildings for mailing services and postal operations,XE774,Non-cultural public building,non-cultural public building,,,1,0.5741989612579346,ERC-Broader
C256,Public building,"Public buildings that provide access to books, information, and other educational resources",XE774,Non-cultural public building,non-cultural public building,,,1,0.6608867645263672,ERC-Narrower
C26,Industrial building,"Buildings designed for industrial activities such as manufacturing, storage, and production",XE7T4,Industrial or construction area,industrial or construction area,,,1,0.7007210850715637,ERC-Narrower
C261,Industrial building,Buildings where goods are manufactured or assembled,XE7T4,Industrial or construction area,industrial or construction area,,,1,0.7220582365989685,Equivalent
C262,Industrial building,Buildings for specialized manual work,XE7T4,Industrial or construction area,industrial or construction area,,,1,0.61387699842453,ERC-Narrower
C263,Industrial building,"Buildings used for the storage of raw materials, goods, or finished products.",XE7T4,Industrial or construction area,industrial or construction area,,,1,0.5851768851280212,ERC-Broader
C264,Industrial building,"Facility in which one form of energy is converted into another, usually electricity",XE7T4,Industrial or construction area,industrial or construction area,,,1,0.49675190448760986,Related to
C265,Industrial building,"A building that is in the process of construction, reconstruction, or demolition and thus differs significantly from the planned building",XE0Z7,Demolition site,demolition site,,,1,0.6582084894180298,ERC-Narrower
C27,Agricultural building,Building for agricultural purposes,XE4XM,"Part of building or grounds, kitchen","part of building or grounds, kitchen",,,1,0.5367860198020935,ERC-Broader
C271,Agricultural building,"Buildings used for storing livestock, feed, equipment, and sometimes crops",XE2Q4,"Part of building or grounds, garage","part of building or grounds, garage",,,1,0.5918192267417908,ERC-Broader
C272,Agricultural building,"A building used for storing bulk materials, typically grains, silage, or fodder",XE4XM,"Part of building or grounds, kitchen","part of building or grounds, kitchen",,,1,0.53687584400177,ERC-Broader
C273,Agricultural building,"Building designed to grow plants, especially in controlled environments to protect from adverse weather conditions",XE4XM,"Part of building or grounds, kitchen","part of building or grounds, kitchen",,,1,0.5431821942329407,ERC-Broader
C28,Cultural building,"Buildings designed for public entertainment, artistic, and cultural activities",XE774,Non-cultural public building,non-cultural public building,,,1,0.7875114679336548,Equivalent
C281,Cultural building,"Buildings used for live performances, plays, movies",XE774,Non-cultural public building,non-cultural public building,,,1,0.6659203171730042,ERC-Narrower
C282,Cultural building,Buildings for displaying visual art,XE774,Non-cultural public building,non-cultural public building,,,1,0.6624017953872681,ERC-Narrower
C283,Cultural building,"Buildings that preserve and exhibit historical, cultural, or scientific objects",XE774,Non-cultural public building,non-cultural public building,,,1,0.6464200615882874,ERC-Narrower
C284,Cultural building,Buildings used for socialisation purposes,XE774,Non-cultural public building,non-cultural public building,,,1,0.7488108277320862,Equivalent
C29,Sport building,Facility that is used for sports,XE9DN,"Part of building or grounds, other specified sporting facility","part of building or grounds, other specified sporting facility",,,1,0.8154082894325256,Equivalent
C291,Sport building,Facility where sports activities are practiced,XE9DN,"Part of building or grounds, other specified sporting facility","part of building or grounds, other specified sporting facility",,,1,0.7813144326210022,Equivalent
C292,Sport building,A facility with at least one pool that can be filled with water and used for swimming,XE9DN,"Part of building or grounds, other specified sporting facility","part of building or grounds, other specified sporting facility",,,1,0.621099591255188,ERC-Narrower
C293,Sport building,Facility intended for the use of projectile weapons,XE557,Other specified sports projectile,other specified sports projectile,,,1,0.6623864769935608,ERC-Narrower
C210,Military building,Building used by armed forces,XE11T,Building under construction,building under construction,,,1,0.5301191210746765,ERC-Broader
C2101,Military building,Buildings for training and housing military personnel,XE7GY,"Recreational area, cultural area, or public building","recreational area, cultural area, or public building",,,1,0.5454461574554443,ERC-Broader
C2102,Military building,Living quarters for military personnel,XE1LE,"Residential caravan, mobile home, houseboat or motor home","residential caravan, mobile home, houseboat or motor home",,,1,0.4660724401473999,Related to
C2103,Military building,Storage facilities for weapons and military equipment,XE7T4,Industrial or construction area,industrial or construction area,,,1,0.45219290256500244,Related to
C211,Special building,Buildings for specific purposes,XE774,Non-cultural public building,non-cultural public building,,,1,0.6496559977531433,ERC-Narrower
C2111,Special building,Secure building for housing individuals in custody or serving sentences.,XE0RZ,"Type of legal intervention, handling, transporting, or custody of prisoner","type of legal intervention, handling, transporting, or custody of prisoner",,,1,0.531576931476593,ERC-Broader
C2112,Special building,"Buildings for boarding, alighting, and managing train operations",XE9L8,"Part of building or grounds, elevator","part of building or grounds, elevator",,,1,0.5197188854217529,ERC-Broader
C2113,Special building,"Building for air travel, including passenger terminals, runways, and control towers",XE4U5,"Part of building or grounds, balcony","part of building or grounds, balcony",,,1,0.5417037010192871,ERC-Broader
C2114,Special building,"Building for docking ships, handling cargo, and passenger transportation by sea",XE7T4,Industrial or construction area,industrial or construction area,,,1,0.43414464592933655,Related to
C2115,Special building,"Building for communal religious activities, ceremonies, and worship",XE0ES,Public religious place,public religious place,,,1,0.7904731035232544,Equivalent
D1,General living,Room used for daily living activities.,XE1M5,"Part of building or grounds, living room","part of building or grounds, living room",,,1,0.6935120820999146,ERC-Narrower
D11,General living,Entry area leading into the living room,XE1M5,"Part of building or grounds, living room","part of building or grounds, living room",,,1,0.6032531261444092,ERC-Narrower
D12,General living,"Room for relaxation and socializing typically features comfortable seating like sofas, chairs, and entertainment systems.",XE1DK,Dining room or kitchen table,dining room or kitchen table,,,1,0.5549889206886292,ERC-Broader
D13,General living,"Private room designed for sleeping and personal use, designed for adults/teens",XE8RZ,"Part of building or grounds, bedroom","part of building or grounds, bedroom",,,1,0.6635885238647461,ERC-Narrower
D14,General living,A space for eating meals,XE1DK,Dining room or kitchen table,dining room or kitchen table,,,1,0.6405534744262695,ERC-Narrower
D15,General living,Room for changing clothes,XE1M5,"Part of building or grounds, living room","part of building or grounds, living room",,,1,0.5264138579368591,ERC-Broader
D16,General living,"Rooms for storing clothes, shoes, and accessories",XE8RZ,"Part of building or grounds, bedroom","part of building or grounds, bedroom",,,1,0.5270239114761353,ERC-Broader
D17,General living,"Elevated room attached to the house offers a private outdoor space for sitting or relaxing, usually with a view",XE4U5,"Part of building or grounds, balcony","part of building or grounds, balcony",,,1,0.7491852641105652,Equivalent
D18,General living,Room between the roof and the top floor,XE1M5,"Part of building or grounds, living room","part of building or grounds, living room",,,1,0.6086668372154236,ERC-Narrower
D19,General living,Underground room under a house.,XE1M5,"Part of building or grounds, living room","part of building or grounds, living room",,,1,0.6713724136352539,ERC-Narrower
D110,General living,Room between other rooms that mainly has a separating and connecting function.,XE6ZJ,"Part of building or grounds, corridor","part of building or grounds, corridor",,,1,0.6850300431251526,ERC-Narrower
D111,General living,Steps that allow primary vertical ascent.,XE3HC,"Stairs, steps","stairs, steps",,,1,0.588239848613739,ERC-Broader
D112,General living,Space in which people and objects are passively transported upwards or downwards.,XE9L8,"Part of building or grounds, elevator","part of building or grounds, elevator",,,1,0.6308364868164062,ERC-Narrower
D2,Sport,A room for for indoor exercise or sports,XE1CY,Indoor sporting hall,indoor sporting hall,,,1,0.7113624215126038,ERC-Narrower
D21,Sport,Indoor facility for sport activities,XE1CY,Indoor sporting hall,indoor sporting hall,,,1,0.8624196648597717,Equivalent
D22,Sport,An indoor facility that contains one or more swimming pools,XE1CY,Indoor sporting hall,indoor sporting hall,,,1,0.6613553762435913,ERC-Narrower
D23,Sport,"Room for physical activities, featuring areas for group workouts and fitness equipment",XE1CY,Indoor sporting hall,indoor sporting hall,,,1,0.7190613150596619,ERC-Narrower
D24,Sport,"Room for changing clothes, often found in gyms, pools, or public facilities",XE1CY,Indoor sporting hall,indoor sporting hall,,,1,0.5789849162101746,ERC-Broader
D3,Wellness,Room for personal care and wellness facilities,XE86F,Health professionals' office,health professionals' office,,,1,0.5979612469673157,ERC-Broader
D31,Wellness,"Room equipped with a toilet and usually a sink, used for personal hygiene and sanitation.",XE2XM,"Part of building or grounds, bathroom, toilet","part of building or grounds, bathroom, toilet",,,1,0.64607834815979,ERC-Narrower
D32,Wellness,Room designed primarily for showering,XE2XM,"Part of building or grounds, bathroom, toilet","part of building or grounds, bathroom, toilet",,,1,0.3926595151424408,Related to
D33,Wellness,"Rooms in which clothes are washed, dried, and sometimes ironed",XE1M5,"Part of building or grounds, living room","part of building or grounds, living room",,,1,0.44837039709091187,Related to
D34,Wellness,Room designed to promote physical and mental well-being.,XE86F,Health professionals' office,health professionals' office,,,1,0.5532637238502502,ERC-Broader
D35,Wellness,"A calm, noise-free room for rest, focus, or relaxation",XE1M5,"Part of building or grounds, living room","part of building or grounds, living room",,,1,0.47496140003204346,Related to
D4,Cultural,Room used for cultural activities,XE774,Non-cultural public building,non-cultural public building,,,1,0.6330610513687134,ERC-Narrower
D41,Cultural,A general-purpose large room used for various cultural activities,XE774,Non-cultural public building,non-cultural public building,,,1,0.5644921660423279,ERC-Broader
D42,Cultural,Room for performances with a stage and audience seating,XE1CY,Indoor sporting hall,indoor sporting hall,,,1,0.5349390506744385,ERC-Broader
D5,Medical,Room to support healthcare services or medical check-ups,XE9VC,Medical service area,medical service area,,,1,0.6404082179069519,ERC-Narrower
D51,Medical,"Rooms for assessing, examining, or discussing with patients",XE86F,Health professionals' office,health professionals' office,,,1,0.6576701998710632,ERC-Narrower
D52,Medical,Rooms for active medical care or procedure,XE9VC,Medical service area,medical service area,,,1,0.6407169103622437,ERC-Narrower
D53,Medical,"Rooms equipped with imaging equipment such as X-ray, CT, or MRI machines",PK94.4,"General hospital or personal use devices associated with injury or harm, miscellaneous devices, not elsewhere classified","general hospital or personal use devices associated with injury or harm, miscellaneous devices, not elsewhere classified",,,1,0.5259624719619751,ERC-Broader
D54,Medical,Room for medical investigations,QA00.C,Laboratory examination,laboratory examination,,laboratory test,1,0.6229677200317383,ERC-Narrower
D55,Medical,"Room where medications are stored, prepared, and dispensed.",XE9VC,Medical service area,medical service area,,,1,0.4898921549320221,Related to
D6,Working,"Room for productivity, collaboration, or focused work",XE2AM,"Desk, workbench","desk, workbench",,,1,0.6484404802322388,ERC-Narrower
D61,Working,Room dedicated to animal care operations,XE58T,Office building,office building,,,1,0.49879688024520874,Related to
D62,Working,"Enclosed room for professional, administrative, or clerical work",XE58T,Office building,office building,,,1,0.6669850945472717,ERC-Narrower
D63,Working,Space within a workplace where specific tasks or activities are performed,XE2AM,"Desk, workbench","desk, workbench",,,1,0.6761686205863953,ERC-Narrower
D64,Working,Room in which food is prepared,XE1DK,Dining room or kitchen table,dining room or kitchen table,,,1,0.5861239433288574,ERC-Broader
D65,Working,"Room for scientific experiments, research, and technical work",XE2AM,"Desk, workbench","desk, workbench",,,1,0.5675745010375977,ERC-Broader
D66,Working,A room for displaying and offering goods for sale,XE1M5,"Part of building or grounds, living room","part of building or grounds, living room",,,1,0.524219810962677,ERC-Broader
D67,Working,"Room for structured academic work, such as teaching, learning, and academic activities",XE2AM,"Desk, workbench","desk, workbench",,,1,0.542953372001648,ERC-Broader
D7,Storage,Room used to store a variety of items,XE4WL,Food storage or related utensil or container,food storage or related utensil or container,,,1,0.5234542489051819,ERC-Broader
D71,Storage,Room for storing various items not regularly in use,XE4WL,Food storage or related utensil or container,food storage or related utensil or container,,,1,0.5734019875526428,ERC-Broader
D72,Storage,"Room for storing food products, ensuring they are kept in proper conditions",XE4WL,Food storage or related utensil or container,food storage or related utensil or container,,,1,0.7061248421669006,ERC-Narrower
D73,Storage,Room for storing inventory or goods intended for sale or distribution,XE2Q4,"Part of building or grounds, garage","part of building or grounds, garage",,,1,0.5008493065834045,ERC-Broader
D74,Storage,"Room for storing vehicles, motorcycles, bikes, or related equipment",XE2Q4,"Part of building or grounds, garage","part of building or grounds, garage",,,1,0.5740724802017212,ERC-Broader
D75,Storage,Room for storing tools and equipment,XE4WL,Food storage or related utensil or container,food storage or related utensil or container,,,1,0.5296265482902527,ERC-Broader
